,603110.SH,002650.SZ,600109.SH,603599.SH
2014-09-26,,11.71,,
2014-09-29,,12.35,,
2014-09-30,,12.3,23.36,
2014-10-08,,12.79,23.75,
2014-10-09,,12.93,23.65,
2014-10-10,,12.6,24.03,
2014-10-13,,12.37,24.74,
2014-10-14,,12.63,24.36,
2014-10-15,,12.5,25.29,
2014-10-16,,12.18,24.65,
2014-10-17,,12.03,25.07,
2014-10-20,,12.48,24.76,
2014-10-21,,12.15,24.1,
2014-10-22,,11.86,24.25,
2014-10-23,,12.1,24.01,
2014-10-24,,12.01,12.11,
2014-10-27,,12.6,11.44,
2014-10-28,,13.1,11.92,
2014-10-29,,13.13,12.29,
2014-10-30,,12.93,12.25,
2014-10-31,,12.65,12.76,
2014-11-03,,13.91,12.83,
2014-11-04,,13.92,12.85,
2014-11-05,,13.92,13.16,
2014-11-06,,14.0,13.05,
2014-11-07,,13.6,13.52,
2014-11-10,,13.53,14.38,
2014-11-11,,13.3,14.44,
2014-11-12,,13.65,14.94,
2014-11-13,,13.45,14.89,
2014-11-14,,13.2,14.39,
2014-11-17,,13.66,14.23,
2014-11-18,,13.52,13.98,
2014-11-19,,13.78,14.0,
2014-11-20,,13.84,14.33,
2014-11-21,,14.06,15.19,
2014-11-24,,13.57,16.09,
2014-11-25,,13.88,15.89,
2014-11-26,,13.67,16.78,
2014-11-27,,13.41,17.47,
2014-11-28,,13.43,17.07,
2014-12-01,,13.1,16.89,
2014-12-02,,13.25,18.3,
2014-12-03,,13.12,18.31,
2014-12-04,,13.12,20.14,
2014-12-05,,13.38,22.14,
2014-12-08,,13.81,23.6,
2014-12-09,,13.05,21.27,
2014-12-10,,13.18,20.57,
2014-12-11,,13.01,18.82,
2014-12-12,,13.55,19.18,
2014-12-15,,13.39,19.58,
2014-12-16,,13.06,21.54,
2014-12-17,,12.75,21.79,
2014-12-18,,12.69,19.9,
2014-12-19,,12.81,19.58,
2014-12-22,,12.62,19.8,
2014-12-23,,12.11,19.52,
2014-12-24,,12.25,18.28,
2014-12-25,,12.27,18.84,
2014-12-26,,12.09,20.54,
2014-12-29,,12.46,19.68,
2014-12-30,,12.07,19.61,
2014-12-31,,11.83,19.79,
2015-01-05,,11.25,19.45,
2015-01-06,,11.45,19.05,
2015-01-07,,11.49,19.45,
2015-01-08,,11.79,18.8,
2015-01-09,,11.82,18.68,
2015-01-12,,11.61,18.62,
2015-01-13,,11.73,18.83,
2015-01-14,,11.35,18.78,
2015-01-15,,11.67,19.19,
2015-01-16,,11.81,18.97,
2015-01-19,,11.55,17.07,
2015-01-20,,11.87,16.06,
2015-01-21,,12.14,17.1,
2015-01-22,,12.22,17.13,
2015-01-23,,,17.37,
2015-01-26,,,17.23,
2015-01-27,,,17.05,
2015-01-28,,,17.15,
2015-01-29,,,16.62,
2015-01-30,,,16.56,
2015-02-02,,,16.19,
2015-02-03,,,16.72,
2015-02-04,,,16.6,
2015-02-05,,,16.67,
2015-02-06,,,16.73,
2015-02-09,,,17.43,
2015-02-10,,,17.5,
2015-02-11,,,17.54,
2015-02-12,,,17.4,
2015-02-13,,,17.41,
2015-02-16,,,17.39,
2015-02-17,,,17.59,
2015-02-25,,,17.99,
2015-02-26,,,19.79,
2015-02-27,,,21.0,
2015-03-02,,,21.02,
2015-03-03,,,21.13,
2015-03-04,,,20.61,
2015-03-05,,,21.8,
2015-03-06,,,20.93,
2015-03-09,,,20.16,
2015-03-10,,,21.08,
2015-03-11,,,22.66,
2015-03-12,,,22.91,
2015-03-13,,,22.68,
2015-03-16,,,23.15,
2015-03-17,,,23.47,
2015-03-18,,,23.32,
2015-03-19,,,24.41,
2015-03-20,,13.44,25.79,
2015-03-23,,14.36,27.05,
2015-03-24,,14.84,26.35,
2015-03-25,,14.58,25.82,
2015-03-26,,14.59,25.6,
2015-03-27,,14.7,25.65,
2015-03-30,,14.64,26.12,
2015-03-31,,14.8,25.54,
2015-04-01,,15.59,25.72,
2015-04-02,,15.9,25.2,
2015-04-03,,15.77,25.5,
2015-04-07,,16.25,25.99,
2015-04-08,,15.8,27.16,
2015-04-09,,15.03,26.61,
2015-04-10,,15.15,26.36,
2015-04-13,,15.78,27.34,
2015-04-14,,15.71,27.97,
2015-04-15,,14.93,26.17,
2015-04-16,,15.33,26.14,
2015-04-17,,15.03,26.07,
2015-04-20,,14.88,24.63,
2015-04-21,,15.4,25.59,
2015-04-22,,15.85,26.9,
2015-04-23,,15.93,26.22,
2015-04-24,,16.55,25.31,
2015-04-27,,16.88,25.48,
2015-04-28,,16.15,24.88,
2015-04-29,,16.53,24.99,
2015-04-30,,16.21,24.9,
2015-05-04,,16.23,24.54,
2015-05-05,,15.87,24.01,
2015-05-06,,15.22,24.99,
2015-05-07,,14.64,25.08,
2015-05-08,,15.2,25.32,
2015-05-11,,16.39,25.99,
2015-05-12,,16.32,28.11,
2015-05-13,,17.0,27.61,23.2
2015-05-14,,17.17,28.43,25.52
2015-05-15,,17.37,27.79,28.07
2015-05-18,,17.13,26.7,30.88
2015-05-19,,17.03,28.37,33.97
2015-05-20,,17.24,27.8,37.37
2015-05-21,,18.3,28.2,41.11
2015-05-22,,18.93,29.9,45.22
2015-05-25,,,30.41,49.74
2015-05-26,,,30.67,54.71
2015-05-27,,,30.24,60.18
2015-05-28,,18.63,27.35,66.2
2015-05-29,,19.91,26.8,72.82
2015-06-01,,21.48,28.25,80.1
2015-06-02,,21.54,28.25,88.11
2015-06-03,,22.26,29.68,96.92
2015-06-04,,21.6,32.41,87.23
2015-06-05,,21.22,31.7,78.51
2015-06-08,,21.92,33.23,70.66
2015-06-09,,22.34,31.95,66.87
2015-06-10,,22.68,31.55,68.94
2015-06-11,,24.19,31.83,75.83
2015-06-12,,24.09,31.51,70.52
2015-06-15,,23.92,,63.47
2015-06-16,,22.38,,57.96
2015-06-17,,23.44,,61.3
2015-06-18,,22.45,,55.17
2015-06-19,,20.21,,51.76
2015-06-23,,19.48,,54.38
2015-06-24,,19.69,,53.71
2015-06-25,,18.4,28.36,50.21
2015-06-26,,16.56,25.52,45.19
2015-06-29,,15.7,22.97,40.67
2015-06-30,,17.27,24.4,43.46
2015-07-01,,17.19,21.96,40.09
2015-07-02,,16.2,19.76,38.96
2015-07-03,,14.7,17.79,37.49
2015-07-06,,13.66,18.42,39.2
2015-07-07,,,16.58,35.28
2015-07-08,,,,31.75
2015-07-09,,,,34.93
2015-07-10,,,,38.42
2015-07-13,,,18.24,42.26
2015-07-14,,,19.17,43.69
2015-07-15,,,17.41,39.32
2015-07-16,,,17.52,38.67
2015-07-17,,,19.0,41.06
2015-07-20,,,19.11,41.29
2015-07-21,,,20.37,43.31
2015-07-22,,,19.92,42.9
2015-07-23,,,20.34,47.19
2015-07-24,,,19.39,45.53
2015-07-27,,,17.45,40.98
2015-07-28,,,17.69,38.36
2015-07-29,,15.03,17.88,41.88
2015-07-30,,16.53,16.86,41.54
2015-07-31,,16.2,16.67,44.23
2015-08-03,,14.67,16.2,48.65
2015-08-04,,16.14,17.0,47.4
2015-08-05,,17.04,16.68,49.75
2015-08-06,,16.57,16.21,46.31
2015-08-07,,17.4,16.56,47.07
2015-08-10,,18.23,17.8,48.77
2015-08-11,,18.05,17.57,48.85
2015-08-12,,17.3,17.43,45.88
2015-08-13,,18.0,17.68,46.23
2015-08-14,,18.15,18.04,46.94
2015-08-17,,18.45,18.36,45.54
2015-08-18,,17.29,18.07,40.99
2015-08-19,,18.16,18.05,41.32
2015-08-20,,17.9,16.86,39.25
2015-08-21,,16.94,15.51,36.3
2015-08-24,,15.25,13.96,32.67
2015-08-25,,13.73,12.56,29.4
2015-08-26,,13.7,11.3,29.95
2015-08-27,,14.54,11.93,31.29
2015-08-28,,15.61,12.76,33.48
2015-08-31,,14.55,12.63,31.04
2015-09-01,,13.3,12.76,27.94
2015-09-02,,12.8,12.09,27.43
2015-09-07,,13.58,12.09,28.41
2015-09-08,,14.38,12.7,30.73
2015-09-09,,14.82,13.25,31.81
2015-09-10,,14.85,12.76,30.36
2015-09-11,,14.86,12.66,30.87
2015-09-14,,13.37,12.2,27.78
2015-09-15,,12.56,11.33,26.3
2015-09-16,,13.82,12.25,28.93
2015-09-17,,13.98,11.83,28.44
2015-09-18,,14.38,11.89,28.8
2015-09-21,,15.14,12.17,30.59
2015-09-22,,14.85,12.68,30.25
2015-09-23,,15.1,12.18,29.88
2015-09-24,,5.88,12.33,30.55
2015-09-25,,5.56,11.9,28.89
2015-09-28,,5.73,12.15,29.94
2015-09-29,,5.52,11.97,29.14
2015-09-30,,5.55,12.1,29.52
2015-10-08,,5.75,12.44,30.94
2015-10-09,,5.83,12.73,31.24
2015-10-12,,6.17,13.81,33.39
2015-10-13,,6.3,13.91,33.52
2015-10-14,,6.1,13.65,32.78
2015-10-15,,6.24,14.18,34.22
2015-10-16,,6.17,14.47,34.56
2015-10-19,,6.64,15.02,33.89
2015-10-20,,6.57,15.33,34.52
2015-10-21,,6.33,14.74,32.38
2015-10-22,,6.67,15.02,33.58
2015-10-23,,6.69,15.17,34.81
2015-10-26,,6.64,15.45,35.87
2015-10-27,,6.49,15.1,36.63
2015-10-28,,6.3,14.63,35.79
2015-10-29,,6.32,14.63,36.24
2015-10-30,,6.26,14.91,35.95
2015-11-02,,6.17,14.32,37.18
2015-11-03,,6.34,14.44,39.77
2015-11-04,,6.61,15.88,41.41
2015-11-05,,6.58,16.94,41.13
2015-11-06,,6.7,18.16,44.48
2015-11-09,,6.93,17.5,45.4
2015-11-10,,7.04,17.62,44.73
2015-11-11,,7.05,17.85,48.32
2015-11-12,,6.97,17.49,51.85
2015-11-13,,6.8,17.66,46.7
2015-11-16,,7.17,18.29,47.17
2015-11-17,,7.17,18.02,46.05
2015-11-18,,7.28,16.99,43.92
2015-11-19,,7.41,17.44,46.16
2015-11-20,,7.82,17.19,48.3
2015-11-23,,7.54,17.02,48.28
2015-11-24,,7.43,17.31,53.11
2015-11-25,,7.49,17.57,54.17
2015-11-26,,7.51,17.22,55.55
2015-11-27,,6.96,15.5,54.38
2015-11-30,,7.0,15.39,59.82
2015-12-01,,6.96,15.2,56.72
2015-12-02,,6.91,15.95,53.89
2015-12-03,,7.4,15.93,56.77
2015-12-04,,7.37,15.5,58.1
2015-12-07,,7.32,15.4,56.16
2015-12-08,,7.34,15.05,55.72
2015-12-09,,7.25,15.08,53.88
2015-12-10,,7.1,15.19,53.3
2015-12-11,,7.02,15.28,53.35
2015-12-14,,7.11,16.45,55.05
2015-12-15,,7.33,15.96,55.76
2015-12-16,,7.78,16.07,56.89
2015-12-17,,7.85,16.36,58.45
2015-12-18,,7.9,16.32,55.88
2015-12-21,,8.13,16.6,55.22
2015-12-22,,7.9,16.81,55.8
2015-12-23,,7.74,16.88,54.48
2015-12-24,,7.8,16.43,55.74
2015-12-25,,7.9,16.46,55.6
2015-12-28,,7.87,15.94,52.72
2015-12-29,,7.95,16.21,52.97
2015-12-30,,8.1,16.2,52.35
2015-12-31,,8.12,16.12,49.74
2016-01-04,,7.32,14.53,44.77
2016-01-05,,7.38,14.52,43.12
2016-01-06,,7.55,15.21,44.99
2016-01-07,,7.0,13.71,40.52
2016-01-08,,7.23,14.02,40.91
2016-01-11,,6.66,12.62,36.82
2016-01-12,,6.69,12.71,37.72
2016-01-13,,6.55,12.55,37.25
2016-01-14,,6.65,12.88,39.51
2016-01-15,,6.22,12.2,38.35
2016-01-18,,6.23,12.26,39.1
2016-01-19,,6.54,12.68,40.5
2016-01-20,,6.48,12.52,39.52
2016-01-21,,6.26,12.01,37.12
2016-01-22,,6.32,12.31,38.39
2016-01-25,,6.37,12.39,39.33
2016-01-26,,5.83,11.15,35.4
2016-01-27,,5.6,10.9,34.37
2016-01-28,,5.08,10.64,31.71
2016-01-29,,5.26,11.2,33.38
2016-02-01,,5.16,11.11,33.5
2016-02-02,,5.39,11.73,34.7
2016-02-03,,5.46,11.59,34.4
2016-02-04,,5.56,11.73,35.49
2016-02-05,,5.54,11.39,34.74
2016-02-15,,5.46,11.21,33.93
2016-02-16,,5.69,11.77,35.83
2016-02-17,,5.76,11.92,37.0
2016-02-18,,5.7,12.33,36.56
2016-02-19,,5.68,12.79,36.84
2016-02-22,,5.8,12.98,38.27
2016-02-23,,5.69,12.79,37.76
2016-02-24,,5.74,12.87,37.58
2016-02-25,,5.23,11.59,33.82
2016-02-26,,5.21,11.81,34.15
2016-02-29,,5.01,11.37,31.81
2016-03-01,,5.14,11.84,32.49
2016-03-02,,5.36,12.66,34.12
2016-03-03,,5.42,12.54,34.0
2016-03-04,,5.26,12.6,32.44
2016-03-07,,5.32,12.67,33.63
2016-03-08,,5.26,12.58,33.53
2016-03-09,,5.11,12.38,32.77
2016-03-10,,5.08,11.9,32.71
2016-03-11,,5.08,12.07,33.53
2016-03-14,,5.22,12.43,34.9
2016-03-15,,5.25,12.34,34.12
2016-03-16,,5.2,12.51,33.39
2016-03-17,,5.34,12.96,34.79
2016-03-18,,5.5,13.71,36.1
2016-03-21,,5.67,15.08,36.67
2016-03-22,,5.58,14.47,36.28
2016-03-23,,5.59,14.61,39.91
2016-03-24,,5.42,13.83,41.11
2016-03-25,,5.49,14.0,40.11
2016-03-28,,5.49,13.65,39.19
2016-03-29,,5.43,14.07,38.13
2016-03-30,,5.59,14.54,40.56
2016-03-31,,5.57,14.43,40.4
2016-04-01,,5.84,14.13,41.53
2016-04-05,,6.21,14.43,42.86
2016-04-06,,6.19,14.24,42.45
2016-04-07,,6.18,13.88,41.46
2016-04-08,,6.19,13.62,39.84
2016-04-11,,6.42,14.1,42.19
2016-04-12,,6.59,14.02,43.22
2016-04-13,,6.58,14.38,44.04
2016-04-14,,6.8,14.37,43.86
2016-04-15,,7.22,14.28,41.53
2016-04-18,,7.29,13.88,40.35
2016-04-19,,7.12,13.98,40.99
2016-04-20,,6.68,13.49,37.84
2016-04-21,,7.08,13.18,37.2
2016-04-22,,7.17,13.41,37.66
2016-04-25,,7.11,13.24,37.48
2016-04-26,,7.16,13.4,38.14
2016-04-27,,7.02,13.13,37.98
2016-04-28,,7.04,13.13,38.15
2016-04-29,,7.03,13.06,38.04
2016-05-03,,7.17,13.41,39.19
2016-05-04,,7.28,13.4,39.27
2016-05-05,,7.3,13.49,40.57
2016-05-06,,7.19,12.92,38.81
2016-05-09,,6.78,12.34,37.33
2016-05-10,,6.96,12.31,37.53
2016-05-11,,6.84,12.17,36.71
2016-05-12,,6.85,12.28,35.95
2016-05-13,,6.78,12.16,35.91
2016-05-16,,6.91,12.3,36.62
2016-05-17,,7.1,12.31,36.72
2016-05-18,,6.85,12.17,35.3
2016-05-19,,6.89,12.14,35.96
2016-05-20,,6.87,12.27,36.67
2016-05-23,,6.9,12.35,36.99
2016-05-24,,6.94,12.13,36.05
2016-05-25,,6.86,12.16,36.48
2016-05-26,,6.8,12.23,36.54
2016-05-27,,6.83,12.2,36.67
2016-05-30,,6.86,12.22,36.68
2016-05-31,,7.13,13.14,38.63
2016-06-01,,7.17,12.94,38.92
2016-06-02,,7.2,13.09,39.82
2016-06-03,,7.34,13.2,40.63
2016-06-06,,7.26,13.08,39.85
2016-06-07,,7.2,13.11,42.53
2016-06-08,,7.44,12.88,41.45
2016-06-13,,7.36,12.22,38.26
2016-06-14,,7.44,12.3,38.89
2016-06-15,,7.54,12.52,40.98
2016-06-16,,7.65,12.27,40.67
2016-06-17,,7.45,12.42,41.55
2016-06-20,,7.3,12.38,41.91
2016-06-21,,7.14,12.51,41.05
2016-06-22,,7.2,12.8,40.8
2016-06-23,,7.21,13.26,20.0
2016-06-24,,7.15,12.9,18.54
2016-06-27,,7.2,13.28,18.8
2016-06-28,,7.2,13.67,18.83
2016-06-29,,7.19,13.52,18.99
2016-06-30,,7.11,13.48,18.77
2016-07-01,,7.16,13.38,18.85
2016-07-04,,7.18,13.78,19.39
2016-07-05,,7.2,13.68,19.41
2016-07-06,,7.44,13.76,19.84
2016-07-07,,7.45,13.77,20.12
2016-07-08,,7.43,13.73,19.91
2016-07-11,,7.38,13.61,19.61
2016-07-12,,7.45,13.88,19.97
2016-07-13,,7.43,13.91,20.05
2016-07-14,,7.38,13.93,20.15
2016-07-15,,7.37,13.84,19.86
2016-07-18,,7.7,13.48,19.72
2016-07-19,,7.81,13.6,19.57
2016-07-20,,8.04,13.53,19.56
2016-07-21,,7.98,13.76,19.54
2016-07-22,,7.91,13.72,18.92
2016-07-25,,7.99,13.66,19.07
2016-07-26,,8.0,13.9,19.24
2016-07-27,,7.7,13.4,18.25
2016-07-28,,7.51,13.09,17.78
2016-07-29,,7.46,12.91,17.84
2016-08-01,,7.2,12.8,17.95
2016-08-02,,7.16,12.88,18.0
2016-08-03,,7.05,12.8,17.84
2016-08-04,,7.14,12.84,17.95
2016-08-05,,7.11,12.91,17.85
2016-08-08,,7.26,13.2,18.02
2016-08-09,,7.29,13.21,18.19
2016-08-10,,7.21,13.18,18.04
2016-08-11,,7.1,13.18,17.75
2016-08-12,,7.13,13.47,17.81
2016-08-15,,7.24,14.12,18.45
2016-08-16,,7.27,13.99,18.33
2016-08-17,,7.3,13.92,18.4
2016-08-18,,7.24,13.81,18.22
2016-08-19,,7.29,13.8,18.31
2016-08-22,,7.25,13.23,18.02
2016-08-23,,7.25,13.3,18.04
2016-08-24,,7.22,13.27,18.67
2016-08-25,,7.17,13.29,
2016-08-26,,7.19,13.28,
2016-08-29,,7.32,13.27,
2016-08-30,,7.27,13.33,
2016-08-31,,7.24,13.42,
2016-09-01,,7.21,13.24,
2016-09-02,,7.11,13.31,18.58
2016-09-05,,7.16,13.32,18.09
2016-09-06,,7.13,13.38,18.11
2016-09-07,,7.15,13.4,18.19
2016-09-08,,7.18,13.31,18.33
2016-09-09,,7.21,13.11,18.16
2016-09-12,,6.98,12.79,17.71
2016-09-13,,7.0,12.77,17.79
2016-09-14,,6.87,12.64,17.8
2016-09-19,,6.92,12.72,18.07
2016-09-20,,6.87,12.7,17.84
2016-09-21,,6.95,12.81,17.97
2016-09-22,,7.08,12.8,17.98
2016-09-23,,6.97,12.69,17.8
2016-09-26,,6.91,12.57,17.32
2016-09-27,,6.88,12.69,17.35
2016-09-28,,6.95,12.61,17.27
2016-09-29,,6.96,12.71,17.28
2016-09-30,,7.01,12.77,17.36
2016-10-10,,7.22,12.94,17.72
2016-10-11,,7.24,12.95,17.75
2016-10-12,,7.27,12.92,17.94
2016-10-13,,7.24,12.93,18.04
2016-10-14,,7.27,12.91,17.96
2016-10-17,,7.75,12.65,17.63
2016-10-18,,7.81,12.92,17.96
2016-10-19,,7.74,12.81,17.99
2016-10-20,,7.72,12.79,18.16
2016-10-21,,7.59,12.85,17.98
2016-10-24,,7.62,13.05,18.2
2016-10-25,,7.92,12.98,18.26
2016-10-26,,7.84,12.95,18.21
2016-10-27,,7.9,13.11,18.26
2016-10-28,,7.94,13.24,18.15
2016-10-31,,7.68,13.4,18.14
2016-11-01,,7.84,13.81,18.35
2016-11-02,,7.65,13.71,18.5
2016-11-03,,7.75,14.29,18.75
2016-11-04,,8.13,14.09,18.53
2016-11-07,,8.5,14.26,18.53
2016-11-08,,8.54,14.12,18.56
2016-11-09,,8.43,13.99,18.26
2016-11-10,,8.29,14.16,18.76
2016-11-11,,8.33,14.55,18.88
2016-11-14,,8.54,14.72,18.88
2016-11-15,,8.52,14.76,18.98
2016-11-16,,8.45,14.63,19.18
2016-11-17,,8.52,14.51,18.97
2016-11-18,,8.39,14.14,18.87
2016-11-21,,8.19,14.26,18.98
2016-11-22,,8.11,14.44,19.76
2016-11-23,,7.9,14.24,19.2
2016-11-24,,7.71,14.39,18.97
2016-11-25,,7.83,14.45,18.85
2016-11-28,,7.63,14.28,18.86
2016-11-29,,7.43,14.2,18.63
2016-11-30,,7.28,14.13,18.57
2016-12-01,,7.28,14.2,18.75
2016-12-02,,7.1,13.91,18.41
2016-12-05,,7.18,13.58,17.85
2016-12-06,,7.22,13.43,17.95
2016-12-07,,7.32,13.48,18.11
2016-12-08,,7.23,13.3,17.91
2016-12-09,,7.16,13.31,17.86
2016-12-12,,6.97,12.9,16.83
2016-12-13,,7.06,12.92,16.79
2016-12-14,,7.03,12.73,16.61
2016-12-15,,7.15,12.75,16.83
2016-12-16,,7.34,12.79,16.92
2016-12-19,,7.23,12.78,17.05
2016-12-20,,7.18,12.79,17.01
2016-12-21,,7.19,13.04,17.1
2016-12-22,,7.12,13.04,16.91
2016-12-23,,7.02,12.85,16.69
2016-12-26,,6.99,13.15,16.98
2016-12-27,,7.02,13.13,16.82
2016-12-28,,6.98,13.01,16.78
2016-12-29,,6.96,13.02,16.75
2016-12-30,,7.04,13.03,16.96
2017-01-03,,7.33,13.32,17.14
2017-01-04,,7.36,13.39,17.21
2017-01-05,,7.24,13.37,17.13
2017-01-06,,7.18,13.18,16.91
2017-01-09,,7.19,13.2,17.23
2017-01-10,,7.13,13.14,17.16
2017-01-11,,7.07,13.13,16.97
2017-01-12,,7.05,13.18,16.74
2017-01-13,,7.03,13.29,16.6
2017-01-16,,6.72,13.3,16.61
2017-01-17,,6.65,13.1,16.31
2017-01-18,,6.59,13.06,16.27
2017-01-19,,6.58,13.07,16.11
2017-01-20,,6.66,13.19,16.24
2017-01-23,,6.77,13.28,16.25
2017-01-24,,6.85,13.28,16.14
2017-01-25,,6.8,13.36,16.2
2017-01-26,,6.84,13.37,16.3
2017-02-03,,6.77,13.13,16.19
2017-02-06,,6.81,13.16,16.39
2017-02-07,,7.14,13.08,16.29
2017-02-08,,7.1,13.23,16.38
2017-02-09,,7.07,13.23,16.52
2017-02-10,,7.04,13.24,16.53
2017-02-13,,7.07,13.35,16.63
2017-02-14,,7.02,13.55,16.58
2017-02-15,,6.92,13.42,16.6
2017-02-16,,6.92,13.53,16.74
2017-02-17,,6.74,13.47,17.35
2017-02-20,,6.82,13.57,17.13
2017-02-21,,6.87,13.67,17.23
2017-02-22,,6.92,13.68,17.16
2017-02-23,,6.85,13.51,17.05
2017-02-24,,6.86,13.49,17.1
2017-02-27,,6.82,13.3,16.84
2017-02-28,,6.8,13.3,16.88
2017-03-01,,6.82,13.32,16.83
2017-03-02,,6.75,13.32,16.87
2017-03-03,,6.78,13.18,16.94
2017-03-06,,6.8,13.28,17.41
2017-03-07,,6.82,13.29,17.34
2017-03-08,,7.0,13.22,16.96
2017-03-09,,7.03,13.15,16.85
2017-03-10,,7.09,13.08,16.82
2017-03-13,,7.19,13.16,16.89
2017-03-14,,7.14,13.09,16.94
2017-03-15,,7.09,13.44,17.07
2017-03-16,,7.2,13.66,17.19
2017-03-17,,7.16,13.46,17.01
2017-03-20,,7.2,13.56,17.55
2017-03-21,,7.24,13.43,17.4
2017-03-22,,7.19,13.21,17.54
2017-03-23,,7.17,13.32,17.45
2017-03-24,,7.17,13.76,17.47
2017-03-27,,7.15,13.7,17.25
2017-03-28,,7.05,13.59,17.18
2017-03-29,,6.97,13.58,17.05
2017-03-30,,6.83,13.58,16.64
2017-03-31,,6.87,13.7,16.68
2017-04-05,,6.96,14.02,16.87
2017-04-06,,6.98,13.93,16.87
2017-04-07,,7.0,13.95,16.89
2017-04-10,,6.9,13.67,16.54
2017-04-11,,6.8,13.76,16.56
2017-04-12,,6.66,13.9,16.3
2017-04-13,,6.68,13.85,16.3
2017-04-14,,6.69,13.57,16.02
2017-04-17,,6.46,13.7,16.09
2017-04-18,,6.38,13.34,15.93
2017-04-19,,5.88,13.29,15.95
2017-04-20,,,13.25,15.79
2017-04-21,,,13.32,15.85
2017-04-24,,,13.4,15.69
2017-04-25,,,13.24,15.76
2017-04-26,,,13.29,15.71
2017-04-27,,,13.32,15.81
2017-04-28,,,13.25,15.96
2017-05-02,,,13.09,16.04
2017-05-03,,,12.85,16.1
2017-05-04,,,12.2,16.05
2017-05-05,,,11.49,15.88
2017-05-08,,,11.58,15.64
2017-05-09,,,11.62,15.7
2017-05-10,,,11.42,15.26
2017-05-11,,,11.4,15.05
2017-05-12,,,11.53,15.05
2017-05-15,,,11.76,15.08
2017-05-16,,,11.87,15.25
2017-05-17,,,11.75,15.27
2017-05-18,,,11.63,15.23
2017-05-19,,,11.6,15.41
2017-05-22,,,11.4,15.03
2017-05-23,,,11.14,14.25
2017-05-24,,,11.25,14.53
2017-05-25,,,11.9,14.7
2017-05-26,,,12.08,14.7
2017-05-31,,,11.96,14.7
2017-06-01,,,11.48,14.35
2017-06-02,,,11.47,14.66
2017-06-05,,,11.53,14.74
2017-06-06,,,11.55,14.73
2017-06-07,,,11.79,15.0
2017-06-08,,,11.79,14.86
2017-06-09,,,11.67,14.91
2017-06-12,,,11.48,14.66
2017-06-13,,,11.61,14.88
2017-06-14,,,11.56,14.87
2017-06-15,,,11.74,15.15
2017-06-16,,,11.78,15.06
2017-06-19,,,12.05,15.14
2017-06-20,,,11.98,15.22
2017-06-21,,,11.98,15.24
2017-06-22,,,11.9,14.97
2017-06-23,,,11.83,14.9
2017-06-26,,,11.96,15.12
2017-06-27,,,11.89,15.1
2017-06-28,,,11.79,14.98
2017-06-29,,,11.77,15.13
2017-06-30,,,11.72,15.13
2017-07-03,,,11.62,15.24
2017-07-04,,,11.05,15.19
2017-07-05,,,11.19,15.19
2017-07-06,,,11.14,15.2
2017-07-07,,,11.28,15.29
2017-07-10,,,11.34,15.24
2017-07-11,,,11.25,15.18
2017-07-12,,,11.22,14.94
2017-07-13,,,11.35,14.97
2017-07-14,,,11.29,14.85
2017-07-17,,,10.96,14.13
2017-07-18,,,10.7,14.23
2017-07-19,,,11.21,14.38
2017-07-20,,,11.24,15.46
2017-07-21,,,11.1,15.39
2017-07-24,,,11.13,15.43
2017-07-25,,,10.96,15.33
2017-07-26,,,11.0,15.32
2017-07-27,,,11.19,15.72
2017-07-28,,,11.11,15.53
2017-07-31,,,11.15,16.21
2017-08-01,,,11.25,16.08
2017-08-02,,,11.41,16.06
2017-08-03,,,11.38,16.08
2017-08-04,,,11.4,16.01
2017-08-07,,,11.47,15.86
2017-08-08,,,11.56,15.91
2017-08-09,,,11.41,15.82
2017-08-10,,,11.6,15.67
2017-08-11,,,11.25,15.48
2017-08-14,,,11.58,15.89
2017-08-15,,,11.5,16.36
2017-08-16,,,11.52,16.29
2017-08-17,,,11.63,16.28
2017-08-18,,,11.45,16.27
2017-08-21,,,11.51,16.61
2017-08-22,,,11.46,16.32
2017-08-23,,,11.5,16.48
2017-08-24,,,11.29,16.69
2017-08-25,,,11.48,16.8
2017-08-28,,,12.01,16.78
2017-08-29,,,11.86,16.57
2017-08-30,,,11.86,17.03
2017-08-31,,,11.98,16.98
2017-09-01,,,12.32,17.3
2017-09-04,,,12.28,17.37
2017-09-05,,,12.19,17.37
2017-09-06,,,12.12,17.19
2017-09-07,,,12.05,17.05
2017-09-08,,,11.97,16.98
2017-09-11,,,12.15,17.32
2017-09-12,,,12.17,17.37
2017-09-13,,,12.03,17.54
2017-09-14,,,11.9,17.15
2017-09-15,,,11.95,16.71
2017-09-18,,,12.18,16.99
2017-09-19,,,12.13,16.89
2017-09-20,,,12.18,17.01
2017-09-21,,,12.12,16.79
2017-09-22,,,12.0,16.78
2017-09-25,,,11.81,16.95
2017-09-26,,,11.73,16.72
2017-09-27,,,11.7,16.86
2017-09-28,,,11.67,16.67
2017-09-29,,,11.73,16.68
2017-10-09,,,11.76,17.52
2017-10-10,,,11.76,17.52
2017-10-11,,,11.72,17.6
2017-10-12,,6.42,11.68,17.53
2017-10-13,18.78,6.53,11.75,17.49
2017-10-16,20.66,6.32,11.46,17.44
2017-10-17,22.73,6.34,11.42,17.52
2017-10-18,25.0,6.37,11.29,17.25
2017-10-19,27.5,6.39,11.03,17.03
2017-10-20,30.25,6.34,11.11,17.85
2017-10-23,33.28,6.26,11.13,17.86
2017-10-24,36.61,6.25,11.29,18.79
2017-10-25,40.27,6.3,11.31,18.54
2017-10-26,38.18,6.36,11.31,18.9
2017-10-27,34.6,6.37,11.13,18.49
2017-10-30,31.46,6.37,10.81,18.69
2017-10-31,32.33,6.51,10.76,19.25
2017-11-01,32.14,6.66,10.71,19.68
2017-11-02,32.43,6.59,10.74,19.2
2017-11-03,32.14,6.5,10.79,18.74
2017-11-06,32.4,6.44,10.78,19.2
2017-11-07,31.68,6.48,10.87,18.74
2017-11-08,34.85,6.51,10.98,18.75
2017-11-09,35.79,6.51,10.96,18.6
2017-11-10,34.6,6.53,10.99,18.78
2017-11-13,35.27,6.47,10.98,18.38
2017-11-14,33.89,6.39,11.02,18.42
2017-11-15,31.62,6.15,10.93,18.4
2017-11-16,30.4,6.41,10.71,18.04
2017-11-17,27.62,6.28,10.84,17.3
2017-11-20,28.17,6.39,10.74,17.16
2017-11-21,28.37,6.4,11.07,17.19
2017-11-22,27.88,6.4,11.0,16.88
2017-11-23,26.8,6.4,10.79,16.95
2017-11-24,26.08,6.39,10.83,17.45
2017-11-27,25.86,6.37,10.85,17.34
2017-11-28,28.45,6.41,10.88,17.39
2017-11-29,28.03,6.5,10.82,17.7
2017-11-30,28.39,6.64,10.82,17.5
2017-12-01,27.98,6.63,10.81,17.58
2017-12-04,25.18,6.75,10.73,17.99
2017-12-05,24.09,6.67,10.68,17.85
2017-12-06,25.12,6.75,10.6,17.37
2017-12-07,24.62,6.75,10.49,17.52
2017-12-08,25.36,6.76,10.4,17.7
2017-12-11,25.5,6.77,10.44,18.41
2017-12-12,24.21,6.66,10.31,18.58
2017-12-13,24.66,6.83,10.3,18.57
2017-12-14,24.88,6.89,10.15,18.72
2017-12-15,24.31,6.85,10.17,18.28
2017-12-18,24.3,6.92,10.07,19.27
2017-12-19,24.94,6.94,10.13,19.33
2017-12-20,24.36,6.94,9.94,19.04
2017-12-21,24.61,7.02,9.87,19.16
2017-12-22,25.25,7.02,9.68,18.86
2017-12-25,25.97,7.03,9.49,17.73
2017-12-26,26.84,7.04,9.56,18.34
2017-12-27,26.32,7.19,9.46,18.21
2017-12-28,27.27,7.12,9.53,19.3
2017-12-29,26.47,7.06,9.54,19.54
2018-01-02,26.38,7.11,9.62,20.09
2018-01-03,25.8,7.08,9.75,19.93
2018-01-04,25.4,6.96,9.69,19.95
2018-01-05,25.39,6.94,9.75,20.71
2018-01-08,26.23,6.9,9.86,20.68
2018-01-09,26.01,6.87,9.76,20.11
2018-01-10,26.77,7.07,9.68,19.83
2018-01-11,27.1,7.3,9.67,19.7
2018-01-12,27.38,7.19,9.64,19.69
2018-01-15,30.12,7.03,9.26,18.95
2018-01-16,30.86,7.01,9.41,18.76
2018-01-17,30.0,7.13,9.72,18.55
2018-01-18,29.39,7.1,9.76,18.85
2018-01-19,28.44,7.1,10.11,18.26
2018-01-22,26.43,7.12,10.09,18.63
2018-01-23,26.53,7.24,10.18,19.56
2018-01-24,27.02,7.3,10.38,19.39
2018-01-25,26.95,7.15,10.12,19.0
2018-01-26,25.89,7.13,10.09,18.64
2018-01-29,27.09,7.17,9.94,18.66
2018-01-30,27.68,7.2,9.89,18.03
2018-01-31,28.32,7.18,9.58,17.46
2018-02-01,26.02,7.14,9.3,16.48
2018-02-02,24.19,6.84,9.26,16.61
2018-02-05,23.03,6.83,9.33,16.68
2018-02-06,20.74,6.43,8.76,15.87
2018-02-07,21.45,6.35,8.7,15.32
2018-02-08,21.6,5.72,8.75,15.8
2018-02-09,20.08,5.15,8.09,15.68
2018-02-12,20.77,,8.16,16.2
2018-02-13,20.68,,8.22,16.35
2018-02-14,20.7,,8.19,16.68
2018-02-22,21.15,,8.28,16.79
2018-02-23,21.39,,8.3,17.09
2018-02-26,22.12,5.01,8.54,17.26
2018-02-27,22.37,4.72,8.45,17.29
2018-02-28,21.86,4.7,8.5,17.38
2018-03-01,22.04,4.72,8.61,17.11
2018-03-02,21.56,4.69,8.5,16.94
2018-03-05,22.34,4.76,8.49,16.78
2018-03-06,22.62,4.76,8.61,17.21
2018-03-07,22.49,4.71,8.49,16.95
2018-03-08,23.19,4.72,8.51,17.02
2018-03-09,23.59,4.86,8.65,17.25
2018-03-12,23.91,,8.75,17.35
2018-03-13,22.99,,8.63,17.04
2018-03-14,23.82,,8.55,17.05
2018-03-15,23.12,,8.45,16.45
2018-03-16,22.39,,8.4,17.03
2018-03-19,22.94,,8.46,16.56
2018-03-20,23.87,,8.43,16.55
2018-03-21,23.13,,8.47,16.21
2018-03-22,23.28,,8.45,16.15
2018-03-23,20.95,,7.88,14.91
2018-03-26,21.45,,7.96,15.09
2018-03-27,22.0,,8.07,15.37
2018-03-28,22.21,,7.99,15.13
2018-03-29,23.21,,8.24,15.48
2018-03-30,25.53,,8.43,15.46
2018-04-02,26.16,,8.77,15.52
2018-04-03,25.45,,9.14,15.09
2018-04-04,24.78,,8.98,15.12
2018-04-09,25.79,,9.08,15.15
2018-04-10,25.3,,9.09,15.06
2018-04-11,25.87,,8.85,15.44
2018-04-12,26.2,,8.85,15.44
2018-04-13,25.52,,8.63,16.07
2018-04-16,24.65,,8.62,15.25
2018-04-17,23.99,,8.61,14.71
2018-04-18,24.0,,8.82,15.11
2018-04-19,24.2,,8.81,15.07
2018-04-20,22.84,,8.29,14.71
2018-04-23,23.2,,8.36,15.0
2018-04-24,25.52,,8.59,15.26
2018-04-25,25.76,,8.52,15.33
2018-04-26,24.51,,8.26,15.01
2018-04-27,25.37,,8.65,15.02
2018-05-02,24.89,,8.77,15.29
2018-05-03,25.91,,8.97,15.78
2018-05-04,25.66,,8.79,15.77
2018-05-07,26.47,,8.91,15.89
2018-05-08,26.47,,8.74,15.79
2018-05-09,26.03,,8.52,15.72
2018-05-10,26.07,,8.6,16.13
2018-05-11,25.27,,8.44,15.85
2018-05-14,25.32,,8.44,15.96
2018-05-15,25.94,,8.52,16.13
2018-05-16,25.58,,8.41,15.66
2018-05-17,27.14,,8.36,15.99
2018-05-18,27.39,,8.48,16.07
2018-05-21,27.61,,8.56,16.69
2018-05-22,27.61,,8.5,16.67
2018-05-23,26.63,,8.41,16.26
2018-05-24,27.95,,8.34,16.23
2018-05-25,27.7,,8.12,15.92
2018-05-28,26.81,,8.11,15.98
2018-05-29,27.75,,8.01,15.73
2018-05-30,24.98,,7.72,15.28
2018-05-31,26.14,,7.84,15.51
2018-06-01,18.56,,7.96,15.37
2018-06-04,18.03,,7.91,15.5
2018-06-05,19.12,,8.01,15.84
2018-06-06,19.68,,7.99,15.68
2018-06-07,19.35,,7.99,15.32
2018-06-08,18.85,,7.79,15.01
2018-06-11,19.16,,7.8,15.03
2018-06-12,18.45,,7.84,15.02
2018-06-13,17.65,,7.67,14.77
2018-06-14,17.74,,7.76,14.81
2018-06-15,16.73,,7.7,14.63
2018-06-19,15.1,,6.99,14.0
2018-06-20,15.45,,7.03,14.37
2018-06-21,14.66,,6.69,13.88
2018-06-22,14.88,,6.82,14.29
2018-06-25,14.96,,6.69,14.25
2018-06-26,15.3,,6.91,14.43
2018-06-27,15.48,,6.89,14.36
2018-06-28,15.32,,7.0,14.13
2018-06-29,15.74,,7.11,14.36
2018-07-02,15.35,,6.86,14.07
2018-07-03,15.85,,7.14,13.97
2018-07-04,15.11,,7.05,13.9
2018-07-05,14.65,,6.89,13.73
2018-07-06,14.84,,7.07,13.74
2018-07-09,15.38,,7.16,13.94
2018-07-10,15.61,,7.14,14.02
2018-07-11,15.37,,6.89,13.51
2018-07-12,15.91,,7.09,13.86
2018-07-13,16.06,,7.07,13.94
2018-07-16,16.04,,7.01,13.84
2018-07-17,16.9,,7.01,13.83
2018-07-18,17.42,,6.94,13.73
2018-07-19,16.68,,6.86,13.64
2018-07-20,16.63,,7.02,13.88
2018-07-23,17.12,,7.1,14.15
2018-07-24,16.92,,7.24,14.25
2018-07-25,16.59,,7.19,14.31
2018-07-26,16.26,,7.16,14.08
2018-07-27,16.41,,7.13,14.07
2018-07-30,15.58,,7.03,13.9
2018-07-31,15.73,,7.06,14.03
2018-08-01,15.17,,6.92,13.91
2018-08-02,14.78,,6.69,13.5
2018-08-03,14.64,,6.63,13.42
2018-08-06,13.94,,6.57,12.87
2018-08-07,14.43,,6.79,13.21
2018-08-08,14.3,,6.67,12.96
2018-08-09,14.65,,6.8,13.26
2018-08-10,14.75,,6.83,13.24
2018-08-13,14.78,,6.85,13.21
2018-08-14,14.8,,6.82,13.3
2018-08-15,14.26,,6.68,12.8
2018-08-16,14.17,,6.75,12.61
2018-08-17,13.71,,6.68,12.5
2018-08-20,13.83,,6.82,12.62
2018-08-21,13.85,,6.85,12.75
2018-08-22,13.5,,6.77,12.55
2018-08-23,13.74,,6.81,12.58
2018-08-24,13.44,,6.83,12.65
2018-08-27,13.78,,6.91,12.89
2018-08-28,13.97,,6.88,12.81
2018-08-29,13.96,,6.87,12.83
2018-08-30,13.44,,6.73,12.6
2018-08-31,13.19,,6.77,12.53
2018-09-03,12.83,,6.81,12.41
2018-09-04,12.9,,6.85,12.51
2018-09-05,12.6,,6.74,12.29
2018-09-06,12.75,,6.74,12.28
2018-09-07,13.29,,6.74,12.33
2018-09-10,13.49,,6.58,12.3
2018-09-11,13.44,,6.64,12.45
2018-09-12,13.1,,6.66,12.5
2018-09-13,13.04,,6.76,12.58
2018-09-14,12.54,,6.73,12.37
2018-09-17,12.06,,6.74,12.0
2018-09-18,12.22,,6.87,12.16
2018-09-19,12.27,,6.95,12.22
2018-09-20,12.26,,6.91,12.05
2018-09-21,12.39,,7.08,12.3
2018-09-25,12.57,,7.04,12.24
2018-09-26,12.46,,7.03,12.26
2018-09-27,11.92,,6.95,12.19
2018-09-28,12.08,,7.02,12.32
2018-10-08,11.41,,6.77,11.99
2018-10-09,11.85,,6.77,11.79
2018-10-10,12.4,,6.75,11.82
2018-10-11,11.21,,6.11,10.78
2018-10-12,11.33,,5.96,10.95
2018-10-15,11.57,,5.84,10.85
2018-10-16,10.81,,5.82,10.42
2018-10-17,10.89,,5.91,10.38
2018-10-18,10.4,,5.82,10.22
2018-10-19,10.5,,5.97,10.35
2018-10-22,11.11,,6.57,10.7
2018-10-23,10.88,,6.51,10.48
2018-10-24,10.99,4.37,6.65,10.51
2018-10-25,10.72,3.93,7.0,10.42
2018-10-26,10.98,3.75,6.87,10.56
2018-10-29,10.69,3.67,6.9,10.67
2018-10-30,11.02,3.77,7.25,10.74
2018-10-31,11.18,3.77,7.17,10.91
2018-11-01,11.13,3.75,7.06,11.05
2018-11-02,11.33,3.83,7.21,11.3
2018-11-05,11.3,3.87,7.39,11.28
2018-11-06,11.06,3.81,7.23,11.62
2018-11-07,11.48,3.79,7.14,11.57
2018-11-08,11.25,3.79,7.06,11.57
2018-11-09,11.14,3.86,7.07,11.57
2018-11-12,11.44,3.97,7.22,11.81
2018-11-13,11.57,4.37,7.42,11.94
2018-11-14,11.63,4.21,7.33,11.94
2018-11-15,11.97,4.23,7.64,12.05
2018-11-16,11.93,4.21,8.12,12.19
2018-11-19,11.89,4.19,8.3,12.03
2018-11-20,11.57,4.19,7.99,11.75
2018-11-21,11.69,4.29,7.94,11.92
2018-11-22,11.79,4.25,8.27,11.99
2018-11-23,10.94,4.07,7.71,11.55
2018-11-26,11.09,4.02,7.66,11.36
2018-11-27,11.23,4.02,7.73,11.31
2018-11-28,11.32,4.04,8.02,11.54
2018-11-29,10.87,3.9,7.67,11.3
2018-11-30,11.14,3.77,7.79,11.28
2018-12-03,11.55,4.15,8.0,11.87
2018-12-04,12.34,4.11,8.01,12.0
2018-12-05,12.06,4.03,7.85,11.88
2018-12-06,11.65,3.95,7.63,11.75
2018-12-07,11.67,3.96,7.65,11.19
2018-12-10,11.03,3.84,7.47,11.33
2018-12-11,11.17,3.9,7.49,11.01
2018-12-12,11.12,3.88,7.45,11.05
2018-12-13,11.21,3.89,7.56,11.05
2018-12-14,10.96,3.81,7.32,10.81
2018-12-17,10.95,3.96,7.35,10.7
2018-12-18,10.77,3.92,7.32,10.72
2018-12-19,10.59,3.83,7.35,10.57
2018-12-20,10.7,3.89,7.5,10.55
2018-12-21,10.76,3.83,7.43,10.54
2018-12-24,10.88,3.78,7.3,10.7
2018-12-25,10.78,3.73,7.09,10.58
2018-12-26,10.92,3.69,7.04,10.56
2018-12-27,10.64,3.6,7.0,10.54
2018-12-28,10.58,3.6,7.16,10.5
2019-01-02,10.6,3.52,7.16,10.56
2019-01-03,10.71,3.5,7.31,10.32
2019-01-04,10.87,3.55,7.88,10.61
2019-01-07,11.13,3.57,7.84,10.95
2019-01-08,10.96,3.64,7.93,11.07
2019-01-09,10.95,3.61,7.87,11.11
2019-01-10,10.89,3.56,7.8,11.11
2019-01-11,11.13,3.57,7.9,11.07
2019-01-14,10.96,3.59,7.86,11.35
2019-01-15,11.13,3.63,8.0,11.65
2019-01-16,11.09,3.64,7.95,11.75
2019-01-17,10.96,3.56,7.8,11.74
2019-01-18,11.19,3.57,7.96,11.9
2019-01-21,11.4,3.68,7.87,12.13
2019-01-22,11.15,3.59,7.81,12.12
2019-01-23,11.22,3.55,7.78,12.75
2019-01-24,11.14,3.61,7.89,12.62
2019-01-25,10.75,3.58,7.81,12.85
2019-01-28,10.75,3.48,7.83,12.8
2019-01-29,10.42,3.36,7.69,12.91
2019-01-30,10.39,3.21,7.59,12.48
2019-01-31,10.01,3.0,7.62,12.7
2019-02-01,10.35,3.14,7.84,13.08
2019-02-11,10.63,3.3,8.03,13.37
2019-02-12,10.71,3.35,8.07,13.13
2019-02-13,11.78,3.4,8.65,13.65
2019-02-14,12.96,3.36,8.58,13.58
2019-02-15,13.4,3.45,8.48,13.56
2019-02-18,13.49,3.52,8.83,13.97
2019-02-19,13.22,3.58,8.75,14.63
2019-02-20,12.87,3.59,8.8,14.66
2019-02-21,12.69,3.55,8.76,14.28
2019-02-22,12.77,3.61,9.55,14.32
2019-02-25,13.25,3.78,10.51,14.47
2019-02-26,12.92,3.77,10.16,14.15
2019-02-27,12.69,3.88,10.07,14.02
2019-02-28,12.95,3.8,9.84,14.19
2019-03-01,12.95,3.8,10.14,14.18
2019-03-04,12.97,3.86,10.15,14.6
2019-03-05,13.31,3.92,10.09,14.53
2019-03-06,13.35,4.01,10.55,14.61
2019-03-07,14.33,4.18,10.81,15.19
2019-03-08,12.92,4.0,9.73,15.01
2019-03-11,13.3,4.17,10.07,15.96
2019-03-12,13.4,4.24,10.27,15.78
2019-03-13,12.99,4.09,10.59,15.66
2019-03-14,12.58,3.92,10.09,15.43
2019-03-15,13.17,3.96,10.14,15.6
2019-03-18,13.56,4.26,10.3,15.8
2019-03-19,13.61,4.18,10.19,15.65
2019-03-20,13.61,4.15,10.29,15.76
2019-03-21,13.73,4.13,10.45,15.82
2019-03-22,14.2,4.14,10.7,15.96
2019-03-25,14.57,4.05,10.52,16.02
2019-03-26,13.83,3.96,10.04,15.48
2019-03-27,13.69,4.06,9.91,15.76
2019-03-28,15.06,4.02,9.86,15.44
2019-03-29,16.57,4.1,10.74,15.88
2019-04-01,17.03,4.21,11.19,16.55
2019-04-02,17.83,4.18,11.3,16.61
2019-04-03,16.9,4.3,12.43,16.62
2019-04-04,16.51,4.32,12.06,18.28
2019-04-08,16.35,4.44,11.93,20.11
2019-04-09,16.46,4.53,11.94,18.92
2019-04-10,15.81,4.55,11.46,19.41
2019-04-11,15.54,4.33,11.2,18.02
2019-04-12,15.79,4.45,11.27,18.19
2019-04-15,15.43,4.31,10.97,18.19
2019-04-16,15.59,4.38,11.4,18.2
2019-04-17,15.63,4.35,11.23,18.16
2019-04-18,15.61,4.43,11.16,18.04
2019-04-19,17.17,4.4,11.29,17.78
2019-04-22,16.44,4.3,11.02,17.86
2019-04-23,15.62,4.14,11.17,17.68
2019-04-24,15.5,4.18,11.3,17.59
2019-04-25,14.17,4.0,10.83,16.77
2019-04-26,14.02,3.85,10.84,17.0
2019-04-29,13.3,3.73,10.23,16.66
2019-04-30,13.79,3.84,10.27,16.86
2019-05-06,12.41,3.51,9.24,16.48
2019-05-07,12.58,3.86,9.36,16.61
2019-05-08,12.71,4.24,9.2,16.15
2019-05-09,12.77,3.82,9.09,16.12
2019-05-10,13.2,4.09,9.48,16.34
2019-05-13,12.93,4.32,9.28,14.73
2019-05-14,13.01,4.22,9.17,16.2
2019-05-15,13.26,4.4,9.34,15.79
2019-05-16,13.6,4.34,9.37,15.86
2019-05-17,14.12,4.33,8.82,15.45
2019-05-20,13.68,4.15,8.96,15.43
2019-05-21,15.05,4.46,9.19,15.65
2019-05-22,14.53,4.34,9.12,15.6
2019-05-23,14.09,4.33,9.07,14.92
2019-05-24,14.82,4.26,8.99,14.88
2019-05-27,15.3,4.38,9.33,14.59
2019-05-28,14.81,4.36,9.38,14.66
2019-05-29,15.25,4.32,9.33,14.5
2019-05-30,15.12,4.42,9.19,14.56
2019-05-31,14.83,4.36,9.14,14.49
2019-06-03,14.38,4.61,9.12,13.81
2019-06-04,14.29,4.73,9.02,13.9
2019-06-05,14.43,4.64,9.1,13.91
2019-06-06,14.33,4.18,9.03,13.6
2019-06-10,15.76,3.76,8.89,14.04
2019-06-11,16.39,3.87,9.35,14.48
2019-06-12,15.9,3.68,9.24,14.16
2019-06-13,16.06,3.76,9.28,14.6
2019-06-14,15.7,3.6,9.11,14.29
2019-06-17,15.45,3.56,9.11,14.15
2019-06-18,14.72,3.61,9.03,14.4
2019-06-19,14.6,3.6,9.22,15.04
2019-06-20,14.72,3.56,9.69,14.85
2019-06-21,15.14,3.67,9.77,14.91
2019-06-24,15.43,3.74,9.7,14.73
2019-06-25,15.45,3.83,9.72,14.66
2019-06-26,15.66,3.81,9.52,14.51
2019-06-27,15.97,3.81,9.62,14.59
2019-06-28,15.55,3.74,9.72,14.67
2019-07-01,15.7,3.88,9.91,14.89
2019-07-02,16.18,4.27,9.8,15.16
2019-07-03,15.51,4.7,9.65,14.96
2019-07-04,15.2,4.44,9.69,14.78
2019-07-05,15.38,4.36,9.65,14.85
2019-07-08,15.06,3.92,9.36,14.29
2019-07-09,14.87,3.75,9.42,14.62
2019-07-10,14.95,3.78,9.44,14.74
2019-07-11,15.24,3.71,9.44,14.93
2019-07-12,15.07,3.72,9.46,15.41
2019-07-15,15.13,3.71,9.68,16.17
2019-07-16,15.58,3.69,9.67,15.69
2019-07-17,15.93,3.84,9.69,15.42
2019-07-18,15.28,3.8,9.5,15.15
2019-07-19,14.96,3.79,9.69,15.05
2019-07-22,14.57,3.67,9.35,14.35
2019-07-23,15.36,3.75,9.37,14.75
2019-07-24,15.43,3.78,9.35,14.69
2019-07-25,15.4,3.91,9.46,14.41
2019-07-26,15.28,3.83,9.38,14.38
2019-07-29,15.4,3.78,9.25,14.7
2019-07-30,15.74,3.77,9.33,14.6
2019-07-31,15.13,3.73,9.29,14.59
2019-08-01,16.64,3.68,9.19,14.53
2019-08-02,16.39,3.58,8.89,14.23
2019-08-05,16.7,3.54,8.69,14.23
2019-08-06,15.88,3.43,8.61,13.93
2019-08-07,15.25,3.39,8.48,13.63
2019-08-08,15.35,3.4,8.61,13.65
2019-08-09,15.0,3.29,8.52,13.63
2019-08-12,15.05,3.45,8.71,13.83
2019-08-13,14.49,3.39,8.58,13.78
2019-08-14,14.94,3.39,8.59,13.89
2019-08-15,14.6,3.4,8.58,14.1
2019-08-16,14.6,3.41,8.6,13.98
2019-08-19,15.03,3.48,9.07,14.58
2019-08-20,14.94,3.47,8.98,14.43
2019-08-21,15.04,3.49,8.97,14.43
2019-08-22,15.06,3.46,8.94,14.47
2019-08-23,14.97,3.46,8.89,14.34
2019-08-26,14.56,3.48,8.78,14.13
2019-08-27,15.03,3.55,8.95,14.37
2019-08-28,14.87,3.64,8.96,14.43
2019-08-29,14.76,3.59,8.87,14.37
2019-08-30,14.63,3.5,8.78,14.44
2019-09-02,14.76,3.59,8.94,14.19
2019-09-03,14.78,3.56,8.9,14.18
2019-09-04,15.2,3.58,9.0,14.22
2019-09-05,15.32,3.6,9.22,14.33
2019-09-06,15.54,3.58,9.25,14.32
2019-09-09,15.9,3.66,9.39,14.78
2019-09-10,15.69,3.72,9.45,15.0
2019-09-11,15.41,3.79,9.49,14.86
2019-09-12,15.56,3.76,9.54,14.91
2019-09-16,16.09,3.75,9.42,14.68
2019-09-17,15.47,3.62,9.14,14.32
2019-09-18,17.02,3.98,9.08,14.32
2019-09-19,18.72,3.91,9.18,14.51
2019-09-20,19.58,4.08,9.19,14.66
2019-09-23,18.36,4.06,9.04,14.37
2019-09-24,17.5,4.09,9.04,14.46
2019-09-25,16.73,3.96,9.01,14.5
2019-09-26,17.25,3.83,8.83,14.91
2019-09-27,17.44,3.85,8.85,15.25
2019-09-30,16.43,3.78,8.71,14.89
2019-10-08,16.5,3.81,8.7,14.65
2019-10-09,17.06,3.8,8.74,14.4
2019-10-10,17.95,3.81,8.76,14.76
2019-10-11,17.7,4.0,8.86,14.76
2019-10-14,18.26,3.99,8.97,15.06
2019-10-15,17.49,3.99,8.84,14.91
2019-10-16,16.99,3.98,8.74,14.54
2019-10-17,16.69,3.87,8.74,14.57
2019-10-18,16.19,4.03,8.59,14.4
2019-10-21,15.9,3.92,8.56,14.08
2019-10-22,16.18,3.91,8.58,14.1
2019-10-23,15.97,3.88,8.55,13.91
2019-10-24,16.24,3.81,8.58,14.07
2019-10-25,16.16,3.82,8.69,14.1
2019-10-28,16.26,3.87,8.81,14.15
2019-10-29,15.65,3.88,8.63,14.24
2019-10-30,15.27,3.81,8.52,14.28
2019-10-31,14.97,3.71,8.51,14.06
2019-11-01,15.3,3.74,8.58,14.16
2019-11-04,15.45,3.73,8.58,14.13
2019-11-05,15.44,3.9,8.65,14.12
2019-11-06,15.43,3.78,8.54,13.82
2019-11-07,15.23,3.82,8.6,13.74
2019-11-08,15.78,3.76,8.57,13.75
2019-11-11,15.17,3.67,8.34,13.4
2019-11-12,15.3,3.67,8.32,13.39
2019-11-13,15.0,3.62,8.2,13.18
2019-11-14,14.81,3.65,8.22,13.17
2019-11-15,14.64,3.55,8.16,13.16
2019-11-18,14.83,3.57,8.26,13.5
2019-11-19,15.02,3.79,8.33,13.69
2019-11-20,14.85,3.79,8.2,13.6
2019-11-21,14.95,3.82,8.22,13.47
2019-11-22,14.54,3.74,8.22,13.53
2019-11-25,14.78,3.69,8.29,13.79
2019-11-26,14.47,3.65,8.3,13.78
2019-11-27,14.39,3.62,8.22,13.72
2019-11-28,14.38,3.57,8.18,13.69
2019-11-29,14.47,3.62,8.22,13.91
2019-12-02,14.66,3.59,8.22,13.88
2019-12-03,14.76,3.62,8.28,13.9
2019-12-04,15.04,3.62,8.25,13.8
2019-12-05,15.09,3.62,8.34,14.02
2019-12-06,15.12,3.66,8.38,13.95
2019-12-09,15.05,3.64,8.37,13.96
2019-12-10,15.1,3.64,8.37,13.97
2019-12-11,14.96,3.6,8.44,13.91
2019-12-12,15.25,3.55,8.38,13.84
2019-12-13,15.22,3.59,8.68,14.0
2019-12-16,15.97,3.63,8.8,14.26
2019-12-17,15.93,3.7,9.06,14.42
2019-12-18,15.87,3.66,9.06,14.43
2019-12-19,16.04,3.67,9.04,14.75
2019-12-20,15.64,3.67,9.07,14.55
2019-12-23,15.29,3.55,8.82,14.27
2019-12-24,16.22,3.57,8.93,14.39
2019-12-25,16.09,3.55,8.94,14.42
2019-12-26,17.14,3.58,9.15,14.58
2019-12-27,16.59,3.54,8.99,14.48
2019-12-30,16.63,3.55,9.34,14.76
2019-12-31,16.39,3.58,9.3,14.99
2020-01-02,16.87,3.65,9.4,15.15
2020-01-03,16.63,3.66,9.4,15.21
2020-01-06,16.59,3.66,9.34,15.65
2020-01-07,16.61,3.69,9.39,15.6
2020-01-08,16.01,3.61,9.13,15.34
2020-01-09,16.2,3.64,9.26,15.4
2020-01-10,16.08,3.64,9.28,15.21
2020-01-13,17.02,3.64,9.39,15.23
2020-01-14,16.73,3.64,9.27,14.95
2020-01-15,16.82,3.57,9.25,15.07
2020-01-16,17.38,3.54,9.18,15.0
2020-01-17,16.87,3.49,9.18,14.91
2020-01-20,17.29,3.52,9.31,15.0
2020-01-21,16.9,3.53,9.16,14.96
2020-01-22,16.56,3.53,9.22,14.93
2020-01-23,15.72,3.53,8.83,14.6
2020-02-03,14.15,3.18,7.95,13.14
2020-02-04,13.53,3.17,7.82,13.57
2020-02-05,13.88,3.24,7.92,13.98
2020-02-06,14.24,3.26,8.06,14.7
2020-02-07,14.4,3.24,8.1,14.98
2020-02-10,14.61,3.33,8.2,15.38
2020-02-11,14.52,3.31,8.18,14.81
2020-02-12,14.8,3.33,8.31,15.37
2020-02-13,14.6,3.36,8.17,15.12
2020-02-14,14.56,3.34,8.36,15.56
2020-02-17,15.07,3.39,9.2,17.09
2020-02-18,15.85,3.37,9.48,16.25
2020-02-19,16.22,3.36,10.16,15.6
2020-02-20,16.38,3.44,11.18,15.71
2020-02-21,16.38,3.41,11.06,15.54
2020-02-24,17.09,3.37,11.05,15.92
2020-02-25,17.2,3.3,11.53,15.52
2020-02-26,16.53,3.32,10.77,15.34
2020-02-27,16.83,3.46,10.8,15.43
2020-02-28,15.3,3.56,10.0,14.61
2020-03-02,16.78,3.71,10.44,15.17
2020-03-03,16.67,3.59,10.45,15.57
2020-03-04,16.77,3.68,10.82,15.67
2020-03-05,16.98,4.05,11.22,15.75
2020-03-06,17.25,3.98,10.79,15.9
2020-03-09,16.34,3.71,10.34,15.1
2020-03-10,16.7,3.76,10.75,15.18
2020-03-11,17.15,3.79,10.4,15.57
2020-03-12,15.96,3.73,10.24,15.39
2020-03-13,15.15,3.8,10.1,15.5
2020-03-16,14.18,3.75,9.42,14.6
2020-03-17,14.59,3.69,9.44,15.25
2020-03-18,14.49,3.57,9.0,15.2
2020-03-19,15.09,3.56,9.4,14.86
2020-03-20,15.24,3.66,9.56,14.79
2020-03-23,14.77,3.44,9.13,14.46
2020-03-24,15.0,3.52,9.34,14.73
2020-03-25,15.12,3.69,9.43,14.85
2020-03-26,14.9,3.82,9.19,14.97
2020-03-27,14.66,3.75,9.33,15.52
2020-03-30,14.22,3.86,9.19,15.64
2020-03-31,14.0,4.02,9.15,15.58
2020-04-01,13.93,3.9,9.04,14.96
2020-04-02,14.37,3.79,9.22,15.76
2020-04-03,14.13,3.99,9.06,15.75
2020-04-07,14.6,4.28,9.32,16.11
2020-04-08,14.7,4.18,9.28,15.74
2020-04-09,14.85,4.31,9.83,15.39
2020-04-10,14.41,4.1,9.56,15.12
2020-04-13,14.54,4.12,9.48,16.37
2020-04-14,15.02,4.11,9.79,16.22
2020-04-15,15.04,3.99,9.57,16.17
2020-04-16,14.82,4.0,9.63,16.5
2020-04-17,14.85,4.03,9.61,16.1
2020-04-20,14.99,4.09,9.6,16.36
2020-04-21,14.87,4.15,9.3,15.99
2020-04-22,14.93,4.37,9.31,16.77
2020-04-23,15.07,4.28,9.22,17.38
2020-04-24,14.93,3.92,9.1,17.38
2020-04-27,14.95,4.31,9.01,17.06
2020-04-28,14.28,4.39,9.18,16.04
2020-04-29,14.15,4.26,9.47,16.33
2020-04-30,14.32,4.14,9.71,16.42
2020-05-06,14.64,4.19,9.93,16.43
2020-05-07,14.79,4.28,9.82,16.18
2020-05-08,14.89,4.36,10.2,16.34
2020-05-11,14.84,4.34,10.25,16.16
2020-05-12,14.7,4.51,10.16,16.43
2020-05-13,14.73,4.36,10.21,16.43
2020-05-14,14.46,4.13,10.11,16.02
2020-05-15,14.49,4.07,10.06,15.83
2020-05-18,14.2,4.48,10.13,16.32
2020-05-19,14.78,4.6,10.13,16.19
2020-05-20,14.9,4.82,10.01,15.96
2020-05-21,14.57,5.3,10.02,15.92
2020-05-22,14.33,5.12,9.65,15.44
2020-05-25,14.91,5.18,9.66,15.43
2020-05-26,14.94,5.15,9.85,15.55
2020-05-27,14.8,5.22,9.71,15.85
2020-05-28,14.54,5.05,10.0,15.81
2020-05-29,14.58,5.03,9.84,15.95
2020-06-01,14.88,5.51,10.82,16.39
2020-06-02,15.19,5.32,11.03,16.3
2020-06-03,15.83,5.24,10.77,15.98
2020-06-04,15.57,5.32,10.78,16.03
2020-06-05,15.73,5.11,10.85,15.87
2020-06-08,15.48,4.96,10.43,15.82
2020-06-09,15.13,4.92,10.6,16.27
2020-06-10,14.94,4.94,10.51,16.3
2020-06-11,15.0,4.68,10.37,16.15
2020-06-12,14.88,,10.35,16.1
2020-06-15,14.8,4.67,10.32,16.47
2020-06-16,15.05,4.5,10.77,16.85
2020-06-17,14.9,4.73,10.68,16.69
2020-06-18,14.95,4.69,10.78,16.68
2020-06-19,14.82,4.6,11.19,16.61
2020-06-22,14.95,4.5,11.52,16.66
2020-06-23,15.15,4.67,11.72,16.23
2020-06-24,14.9,4.68,11.52,16.23
2020-06-29,14.45,4.89,11.04,16.3
2020-06-30,14.75,4.9,11.41,16.87
2020-07-01,14.66,5.15,11.53,16.85
2020-07-02,14.9,5.41,12.68,17.13
2020-07-03,15.0,5.68,13.95,17.15
2020-07-06,15.6,5.63,15.35,17.77
2020-07-07,15.69,5.74,15.95,17.54
2020-07-08,16.02,6.03,17.01,17.72
2020-07-09,16.25,6.3,16.48,18.13
2020-07-10,16.05,6.62,15.66,17.77
2020-07-13,16.4,6.95,15.93,18.75
2020-07-14,16.24,7.3,16.31,18.53
2020-07-15,15.67,7.67,15.41,18.51
2020-07-16,15.08,7.29,14.49,17.51
2020-07-17,15.17,6.93,14.35,17.22
2020-07-20,15.92,6.91,15.23,18.49
2020-07-21,16.12,6.77,14.93,18.85
2020-07-22,16.06,7.11,14.85,18.74
2020-07-23,15.95,7.47,14.85,18.46
2020-07-24,15.39,7.1,13.63,17.91
2020-07-27,15.52,7.27,14.0,17.41
2020-07-28,16.05,7.0,13.92,17.58
2020-07-29,16.0,7.15,14.56,17.94
2020-07-30,16.18,7.48,14.27,18.1
2020-07-31,16.77,7.51,14.43,17.9
2020-08-03,16.89,7.89,14.86,18.24
2020-08-04,16.92,7.91,14.72,18.45
2020-08-05,17.35,8.25,14.72,18.25
2020-08-06,16.91,8.11,15.18,17.8
2020-08-07,17.32,7.7,14.48,17.41
2020-08-10,17.23,7.32,14.38,17.56
2020-08-11,16.7,7.33,13.91,17.01
2020-08-12,16.84,7.69,13.91,16.83
2020-08-13,17.53,7.83,13.87,16.9
2020-08-14,18.22,7.74,14.06,17.04
2020-08-17,18.22,7.86,14.96,17.14
2020-08-18,18.07,8.13,14.86,17.22
2020-08-19,17.4,8.3,14.54,16.81
2020-08-20,17.75,8.46,14.24,17.13
2020-08-21,17.42,8.88,14.46,17.14
2020-08-24,17.7,9.32,14.52,17.07
2020-08-25,17.58,8.85,14.64,16.89
2020-08-26,17.4,8.42,14.04,16.52
2020-08-27,17.23,8.77,14.17,16.81
2020-08-28,17.32,9.06,15.15,18.2
2020-08-31,17.18,8.87,15.56,18.59
2020-09-01,17.92,8.76,15.45,18.84
2020-09-02,17.7,8.9,15.34,18.89
2020-09-03,17.38,8.47,15.11,18.91
2020-09-04,17.56,8.05,15.26,18.91
2020-09-07,17.54,7.65,14.55,18.67
2020-09-08,17.32,7.68,14.9,18.69
2020-09-09,17.09,7.3,14.51,17.98
2020-09-10,16.7,6.94,14.16,17.5
2020-09-11,16.71,6.94,14.03,17.58
2020-09-14,17.82,7.29,14.11,17.43
2020-09-15,17.88,7.41,14.13,18.42
2020-09-16,17.89,7.04,13.99,17.97
2020-09-17,18.14,7.39,13.9,18.67
2020-09-18,18.48,7.46,15.29,18.77
2020-09-21,19.47,7.31,,18.73
2020-09-22,19.82,7.68,,18.52
2020-09-23,20.02,7.77,,18.88
2020-09-24,19.95,7.9,,18.37
2020-09-25,17.71,7.7,,17.95
2020-09-28,18.6,7.32,,17.86
2020-09-29,18.24,7.3,,18.4
2020-09-30,18.6,7.34,,18.05
2020-10-09,19.71,7.64,,19.21
2020-10-12,21.04,7.68,,19.29
2020-10-13,19.82,7.53,15.73,20.0
2020-10-14,21.1,7.6,15.55,20.09
2020-10-15,21.29,7.62,15.26,20.06
2020-10-16,20.94,7.89,15.77,20.21
2020-10-19,20.42,7.63,15.39,20.77
2020-10-20,20.31,7.74,15.64,21.2
2020-10-21,20.5,7.36,15.94,20.83
2020-10-22,20.6,7.33,16.3,19.96
2020-10-23,20.8,7.4,15.84,19.96
2020-10-26,21.34,7.18,15.0,19.89
2020-10-27,21.69,6.82,15.14,19.95
2020-10-28,21.46,6.75,15.37,19.18
2020-10-29,21.5,6.54,15.54,19.0
2020-10-30,21.37,6.21,14.94,18.92
2020-11-02,20.45,6.28,15.3,19.48
2020-11-03,20.42,6.25,15.75,19.45
2020-11-04,20.15,6.31,15.64,19.25
2020-11-05,20.28,6.52,16.51,19.52
2020-11-06,19.92,6.7,18.16,19.12
2020-11-09,20.5,6.69,18.47,19.65
2020-11-10,20.17,6.36,17.16,20.54
2020-11-11,20.12,6.68,16.54,20.55
2020-11-12,20.47,6.78,16.36,21.18
2020-11-13,20.62,6.58,16.28,21.47
2020-11-16,20.99,6.52,16.03,23.16
2020-11-17,21.11,6.33,16.74,23.75
2020-11-18,20.92,6.21,16.64,24.88
2020-11-19,20.33,6.3,16.97,25.11
2020-11-20,20.72,6.42,17.04,25.32
2020-11-23,20.08,6.3,17.9,25.46
2020-11-24,20.08,6.62,17.48,25.1
2020-11-25,19.88,6.95,17.42,23.98
2020-11-26,19.65,6.95,17.81,22.6
2020-11-27,19.5,7.07,18.45,22.78
2020-11-30,20.1,6.93,17.99,22.15
2020-12-01,19.83,6.84,18.66,22.25
2020-12-02,19.66,6.64,19.21,22.48
2020-12-03,19.49,6.66,18.78,22.06
2020-12-04,19.6,6.76,17.73,22.36
2020-12-07,19.5,6.75,17.57,22.28
2020-12-08,19.73,6.84,17.76,22.17
2020-12-09,19.81,6.82,16.67,22.07
2020-12-10,19.37,6.88,16.77,22.06
2020-12-11,20.4,6.57,16.49,23.03
2020-12-14,19.9,6.37,16.29,22.99
2020-12-15,19.56,6.27,16.72,22.82
2020-12-16,19.73,6.38,16.5,22.47
2020-12-17,,6.53,17.1,22.72
2020-12-18,,6.42,16.83,23.27
2020-12-21,21.7,6.4,16.9,23.48
2020-12-22,23.87,6.48,15.49,23.12
2020-12-23,26.26,6.31,15.56,22.64
2020-12-24,26.88,6.25,15.03,22.3
2020-12-25,29.57,6.1,15.27,23.16
2020-12-28,29.2,6.14,15.2,22.64
2020-12-29,28.7,6.45,15.39,22.5
2020-12-30,28.65,6.77,15.66,23.66
2020-12-31,28.59,6.78,16.27,23.97
2021-01-04,29.95,6.74,16.23,22.66
2021-01-05,31.01,7.08,17.53,22.74
2021-01-06,31.85,6.82,16.94,22.34
2021-01-07,32.11,6.69,16.94,24.57
2021-01-08,30.9,6.8,16.38,23.98
2021-01-11,33.99,6.46,16.34,24.32
2021-01-12,37.39,6.44,17.15,24.6
2021-01-13,37.0,6.28,16.88,23.18
2021-01-14,37.62,6.28,16.2,22.6
2021-01-15,41.38,6.12,16.12,24.18
2021-01-18,41.5,6.14,16.08,24.82
2021-01-19,43.9,6.05,16.05,26.67
2021-01-20,48.03,6.13,16.0,28.69
2021-01-21,47.25,6.18,16.14,28.91
2021-01-22,46.47,6.08,15.41,28.28
2021-01-25,50.08,5.78,15.35,27.64
2021-01-26,50.68,5.49,14.49,27.95
2021-01-27,50.04,5.49,14.49,28.86
2021-01-28,45.04,5.22,14.57,28.53
2021-01-29,43.09,4.97,14.23,28.8
2021-02-01,46.15,5.22,14.0,30.7
2021-02-02,48.01,5.48,14.5,30.4
2021-02-03,43.21,5.42,14.12,30.52
2021-02-04,42.0,5.45,13.82,29.8
2021-02-05,41.9,5.19,13.63,28.9
2021-02-08,44.3,5.21,12.27,30.57
2021-02-09,43.85,5.47,12.84,31.32
2021-02-10,44.05,5.53,13.24,32.26
2021-02-18,46.41,5.81,13.5,32.77
2021-02-19,44.5,5.78,13.96,32.73
2021-02-22,45.06,5.72,13.37,31.81
2021-02-23,45.91,6.01,13.27,33.91
2021-02-24,44.74,6.14,13.25,32.36
2021-02-25,43.88,6.08,13.01,32.8
2021-02-26,42.8,6.19,12.9,31.45
2021-03-01,43.78,6.2,12.94,32.21
2021-03-02,43.17,5.89,12.74,29.33
2021-03-03,42.81,5.98,12.86,29.67
2021-03-04,41.38,5.83,12.51,28.6
2021-03-05,42.17,5.93,13.04,28.64
2021-03-08,39.29,5.92,12.63,28.55
2021-03-09,38.18,5.76,12.13,28.7
2021-03-10,37.36,5.7,12.25,28.6
2021-03-11,37.45,5.76,12.9,29.91
2021-03-12,38.25,5.91,14.0,28.86
2021-03-15,36.98,5.81,12.68,29.54
2021-03-16,36.95,5.82,12.5,29.05
2021-03-17,37.17,5.79,12.58,29.0
2021-03-18,36.6,5.68,12.44,30.7
2021-03-19,36.0,5.43,12.26,29.88
2021-03-22,35.94,5.47,12.7,29.97
2021-03-23,35.66,5.35,13.35,29.59
2021-03-24,35.53,5.32,13.53,28.59
2021-03-25,34.3,5.3,13.29,28.68
2021-03-26,34.88,5.57,13.35,28.68
2021-03-29,36.17,5.61,13.22,29.45
2021-03-30,35.85,5.52,13.53,29.64
2021-03-31,37.08,5.65,13.51,31.14
2021-04-01,36.6,5.76,13.41,31.27
2021-04-02,36.68,5.76,13.15,31.0
2021-04-06,40.35,5.92,12.99,31.09
2021-04-07,40.69,5.9,12.95,30.9
2021-04-08,40.54,5.93,12.94,30.1
2021-04-09,40.45,6.23,12.76,29.37
2021-04-12,38.97,6.28,12.37,27.17
2021-04-13,39.12,6.31,12.45,27.23
2021-04-14,39.17,6.05,12.69,27.61
2021-04-15,39.7,5.94,12.47,27.23
2021-04-16,39.7,6.04,12.64,28.25
2021-04-19,40.14,6.05,12.93,28.8
2021-04-20,39.92,6.0,12.77,29.24
2021-04-21,39.9,5.94,12.67,29.24
2021-04-22,39.25,5.97,12.76,29.08
2021-04-23,39.33,5.97,12.71,29.2
2021-04-26,39.8,6.05,12.27,29.8
2021-04-27,40.05,5.9,12.33,29.13
2021-04-28,39.53,6.04,12.33,28.28
2021-04-29,37.86,5.98,12.41,29.15
2021-04-30,38.19,6.05,12.09,29.85
2021-05-06,37.88,6.25,11.64,30.0
2021-05-07,37.16,6.39,11.53,30.22
2021-05-10,36.43,6.33,11.36,29.99
2021-05-11,36.04,6.4,11.58,29.17
2021-05-12,36.85,6.38,11.57,29.88
2021-05-13,36.88,6.24,11.45,28.55
2021-05-14,36.87,6.25,12.38,28.06
2021-05-17,39.38,5.94,12.15,28.12
2021-05-18,39.49,5.92,12.22,28.28
2021-05-19,41.46,5.83,12.24,28.04
2021-05-20,42.65,5.9,12.62,27.98
2021-05-21,42.46,5.81,12.25,27.72
2021-05-24,42.35,5.9,12.59,27.05
2021-05-25,42.21,5.88,13.12,27.88
2021-05-26,41.52,5.97,13.02,28.22
2021-05-27,41.06,5.99,13.02,28.46
2021-05-28,40.59,5.99,13.2,28.12
2021-05-31,44.5,5.98,13.44,28.02
2021-06-01,46.61,5.86,13.06,28.64
2021-06-02,46.06,5.9,12.78,28.31
2021-06-03,44.82,6.2,13.02,28.5
2021-06-04,34.68,6.21,13.13,28.47
2021-06-07,33.4,6.52,13.03,29.31
2021-06-08,32.3,6.85,13.19,29.72
2021-06-09,33.04,7.19,13.01,29.72
2021-06-10,32.53,6.83,12.95,29.89
2021-06-11,32.49,7.17,12.52,29.65
2021-06-15,31.58,6.84,12.29,29.66
2021-06-16,31.19,6.86,12.3,28.7
2021-06-17,31.26,6.84,12.33,28.3
2021-06-18,30.79,6.86,12.42,28.32
2021-06-21,30.87,7.14,12.33,28.17
2021-06-22,30.0,7.14,12.34,29.1
2021-06-23,30.38,7.03,12.23,29.06
2021-06-24,32.38,7.38,12.34,28.85
2021-06-25,31.63,7.75,12.72,29.54
2021-06-28,31.1,7.81,12.56,30.26
2021-06-29,30.94,8.02,12.48,30.0
2021-06-30,31.72,7.86,12.69,30.08
2021-07-01,31.3,7.61,12.06,28.78
2021-07-02,31.23,7.99,11.68,27.68
2021-07-05,31.37,8.02,11.65,27.8
2021-07-06,30.97,7.98,11.76,28.71
2021-07-07,31.2,8.21,11.78,29.0
2021-07-08,31.55,8.15,11.76,28.39
2021-07-09,32.05,7.73,11.81,28.51
2021-07-12,33.39,7.63,11.95,29.47
2021-07-13,32.87,8.01,11.96,30.35
2021-07-14,32.61,7.61,11.8,33.39
2021-07-15,32.18,7.43,11.85,32.28
2021-07-16,32.03,7.53,11.89,33.0
2021-07-19,31.96,7.15,11.65,31.81
2021-07-20,32.16,7.03,11.67,31.37
2021-07-21,32.8,7.1,11.79,31.57
2021-07-22,32.43,7.08,11.96,32.11
2021-07-23,31.6,6.91,12.05,31.47
2021-07-26,31.05,7.26,11.66,31.02
2021-07-27,30.4,,11.24,29.05
2021-07-28,30.18,6.68,11.0,27.87
2021-07-29,30.45,6.38,11.01,28.84
2021-07-30,29.9,5.92,10.72,28.22
2021-08-02,29.71,6.1,11.15,28.31
2021-08-03,29.77,5.92,11.25,28.45
2021-08-04,30.06,5.83,11.28,28.37
2021-08-05,29.51,5.68,11.09,27.56
2021-08-06,29.39,5.55,11.29,28.54
2021-08-09,29.77,5.76,11.41,31.34
2021-08-10,29.69,5.87,11.52,32.46
2021-08-11,29.16,5.71,10.82,32.6
2021-08-12,29.45,5.57,10.78,32.56
2021-08-13,29.01,5.52,10.68,32.27
2021-08-16,28.76,5.62,10.75,31.97
2021-08-17,27.91,5.38,10.73,31.1
2021-08-18,29.08,5.2,11.53,31.4
2021-08-19,29.24,5.13,11.35,31.95
2021-08-20,28.86,5.03,11.31,31.85
2021-08-23,28.93,5.05,11.25,31.4
2021-08-24,28.81,5.06,11.32,32.09
2021-08-25,28.85,5.03,11.4,31.78
2021-08-26,28.55,5.01,11.25,31.85
2021-08-27,28.18,4.87,10.99,33.2
2021-08-30,27.88,4.7,10.85,34.96
2021-08-31,27.78,4.72,10.99,35.1
2021-09-01,27.0,4.72,11.38,32.3
2021-09-02,27.67,4.68,11.93,34.4
2021-09-03,27.1,4.76,11.82,35.78
2021-09-06,26.92,4.92,11.95,34.93
2021-09-07,28.28,4.91,12.05,36.78
2021-09-08,28.36,4.94,12.1,36.31
2021-09-09,28.61,5.43,12.01,37.11
2021-09-10,28.71,5.28,12.15,36.02
2021-09-13,28.19,5.21,11.99,36.71
2021-09-14,28.21,5.07,11.63,36.4
2021-09-15,31.03,5.14,11.66,39.19
2021-09-16,32.15,5.11,11.27,38.2
2021-09-17,32.0,5.05,11.33,38.68
2021-09-22,31.18,5.04,11.21,38.84
2021-09-23,30.74,5.09,11.31,37.42
2021-09-24,31.43,5.28,11.12,36.07
2021-09-27,31.06,5.23,11.03,33.75
2021-09-28,30.5,5.04,11.12,33.48
2021-09-29,29.45,4.77,11.61,31.6
2021-09-30,29.81,4.87,11.42,32.62
2021-10-08,29.92,5.04,11.56,31.34
2021-10-11,31.72,4.98,11.43,31.44
2021-10-12,31.86,4.94,11.18,30.14
2021-10-13,31.25,5.1,11.25,29.67
2021-10-14,30.79,5.03,11.2,29.47
2021-10-15,32.0,4.67,11.16,28.99
2021-10-18,31.44,4.59,11.19,29.55
2021-10-19,32.45,4.66,11.27,29.64
2021-10-20,32.21,4.53,11.18,30.3
2021-10-21,31.77,4.45,11.12,31.49
2021-10-22,31.78,4.42,11.12,31.0
2021-10-25,31.0,4.59,11.24,31.46
2021-10-26,30.85,4.61,11.09,31.89
2021-10-27,30.68,4.5,10.77,31.68
2021-10-28,30.09,4.44,10.68,32.64
2021-10-29,30.53,4.57,10.72,35.36
2021-11-01,30.5,4.89,10.78,37.55
2021-11-02,29.94,5.07,10.52,36.75
2021-11-03,30.09,5.11,10.64,35.63
2021-11-04,30.55,5.62,10.56,36.85
2021-11-05,30.45,5.45,10.4,35.98
2021-11-08,32.1,5.46,10.5,35.44
2021-11-09,31.76,5.36,10.55,35.85
2021-11-10,31.7,5.44,10.61,35.07
2021-11-11,31.79,5.38,10.75,35.14
2021-11-12,31.93,5.58,10.71,37.53
2021-11-15,31.95,5.72,10.64,36.5
2021-11-16,32.1,5.82,10.6,35.96
2021-11-17,32.48,5.76,10.62,35.36
2021-11-18,33.34,5.67,10.52,35.32
2021-11-19,32.93,5.71,10.7,36.23
2021-11-22,36.22,5.65,10.72,36.93
2021-11-23,38.04,5.63,10.77,37.1
2021-11-24,39.68,5.46,10.73,37.34
2021-11-25,40.84,5.32,10.71,38.99
2021-11-26,38.98,5.34,10.69,39.71
2021-11-29,37.75,5.73,10.61,39.09
2021-11-30,37.76,5.72,10.64,40.49
2021-12-01,38.06,5.75,10.77,39.6
2021-12-02,37.8,5.68,10.8,39.24
2021-12-03,39.1,5.79,10.81,38.7
2021-12-06,38.36,6.08,10.88,38.31
2021-12-07,37.37,6.12,10.84,37.7
2021-12-08,37.44,6.09,10.96,37.94
2021-12-09,37.42,6.3,11.29,38.22
2021-12-10,37.72,6.31,11.21,38.3
2021-12-13,37.61,6.62,11.14,38.0
2021-12-14,37.0,6.86,11.01,38.0
2021-12-15,38.42,6.65,11.29,37.8
2021-12-16,38.62,6.67,11.3,37.58
2021-12-17,38.05,6.89,11.22,37.6
2021-12-20,41.86,6.73,11.03,37.45
2021-12-21,40.47,6.73,11.64,37.58
2021-12-22,40.89,6.94,11.32,39.0
2021-12-23,41.12,6.94,11.3,39.8
2021-12-24,40.0,6.97,11.17,39.0
2021-12-27,40.54,6.87,11.28,38.6
2021-12-28,41.55,6.57,11.33,39.93
2021-12-29,41.65,6.54,11.27,39.55
2021-12-30,43.08,6.57,11.34,39.06
2021-12-31,45.96,6.86,11.33,39.0
2022-01-04,44.99,6.89,11.41,39.3
2022-01-05,44.27,6.73,11.33,35.95
2022-01-06,41.84,6.6,11.24,35.89
2022-01-07,40.36,6.14,11.24,35.38
2022-01-10,40.3,6.34,11.25,37.71
2022-01-11,40.52,6.21,11.26,35.92
2022-01-12,42.2,6.29,11.27,36.2
2022-01-13,40.7,6.17,11.2,35.5
2022-01-14,40.4,6.05,10.79,35.91
2022-01-17,40.7,6.08,10.83,35.55
2022-01-18,40.96,5.94,10.86,36.2
2022-01-19,41.91,5.77,10.85,35.52
2022-01-20,41.03,5.49,10.94,35.5
2022-01-21,40.9,5.43,10.84,34.5
2022-01-24,41.0,5.51,10.73,35.3
2022-01-25,39.98,5.26,10.38,34.5
2022-01-26,38.57,5.23,10.58,33.92
2022-01-27,39.7,5.07,10.35,33.3
2022-01-28,38.76,5.06,10.36,33.49
2022-02-07,41.05,4.96,10.47,33.1
2022-02-08,42.42,5.12,10.66,33.22
2022-02-09,42.89,5.15,10.64,33.54
2022-02-10,42.51,5.13,10.65,33.56
2022-02-11,41.99,4.99,10.63,32.61
2022-02-14,41.43,4.99,10.44,32.8
2022-02-15,42.33,4.95,10.5,33.35
2022-02-16,42.08,5.05,10.63,33.76
2022-02-17,42.97,4.98,10.55,34.35
2022-02-18,43.18,4.97,10.6,33.41
2022-02-21,43.38,5.21,10.68,33.85
2022-02-22,42.87,5.11,10.5,33.66
2022-02-23,46.41,5.16,10.61,34.76
2022-02-24,44.28,5.04,10.3,34.43
2022-02-25,44.95,5.12,10.25,34.92
2022-02-28,44.49,5.11,10.14,34.89
2022-03-01,44.45,5.2,10.26,34.88
2022-03-02,43.94,5.18,10.3,33.97
2022-03-03,43.06,5.1,10.28,33.48
2022-03-04,41.9,5.04,10.2,33.1
2022-03-07,40.29,4.89,10.07,31.49
2022-03-08,40.31,4.72,10.01,30.0
2022-03-09,40.56,4.59,9.56,30.32
2022-03-10,39.8,4.69,9.5,32.54
2022-03-11,40.65,4.8,9.66,32.56
2022-03-14,40.0,4.7,9.49,31.87
2022-03-15,39.69,4.4,9.09,30.18
2022-03-16,39.86,4.48,9.58,31.8
2022-03-17,40.3,4.57,9.6,32.74
2022-03-18,40.37,4.59,9.87,33.92
2022-03-21,41.89,4.7,9.74,32.69
2022-03-22,42.17,4.67,9.72,32.92
2022-03-23,42.16,4.64,9.68,32.9
2022-03-24,41.58,4.58,9.51,32.75
2022-03-25,41.4,4.6,9.41,32.55
2022-03-28,40.46,4.63,9.53,32.16
2022-03-29,40.28,4.7,9.43,32.18
2022-03-30,40.42,4.66,9.67,32.65
2022-03-31,39.69,4.58,9.6,31.9
2022-04-01,39.7,4.53,9.7,31.9
2022-04-06,39.98,4.58,9.97,31.21
2022-04-07,39.66,4.44,9.7,31.18
2022-04-08,38.87,4.4,9.6,33.22
2022-04-11,37.7,4.23,9.23,32.45
2022-04-12,37.98,4.34,9.41,32.14
2022-04-13,37.85,4.3,9.31,31.7
2022-04-14,37.31,4.35,9.39,33.16
2022-04-15,36.6,4.37,9.19,33.42
2022-04-18,37.75,4.44,9.35,33.7
2022-04-19,38.1,4.63,9.41,34.87
2022-04-20,38.19,4.74,9.35,35.0
2022-04-21,36.77,4.56,9.27,33.21
2022-04-22,36.11,4.26,9.24,32.97
2022-04-25,33.88,3.85,8.75,31.46
2022-04-26,31.08,3.77,8.11,31.46
2022-04-27,31.71,3.8,8.16,33.98
2022-04-28,31.1,3.63,7.93,33.8
2022-04-29,32.68,3.88,8.25,35.82
2022-05-05,33.65,3.97,8.36,36.89
2022-05-06,33.77,3.89,8.09,36.9
2022-05-09,35.03,3.87,8.1,36.9
2022-05-10,34.9,3.89,8.17,36.8
2022-05-11,34.7,3.93,8.22,36.7
2022-05-12,34.89,3.98,8.22,36.89
2022-05-13,34.82,3.98,8.24,36.98
2022-05-16,34.71,4.0,8.18,37.65
2022-05-17,36.99,3.93,8.14,37.8
2022-05-18,36.37,3.89,8.13,36.86
2022-05-19,35.55,3.85,8.09,37.43
2022-05-20,35.99,3.93,8.21,37.5
2022-05-23,36.6,4.14,8.24,37.73
2022-05-24,35.95,3.96,7.97,37.28
2022-05-25,36.0,3.98,8.02,37.24
2022-05-26,36.55,3.94,8.16,37.18
2022-05-27,36.4,3.91,8.13,38.23
2022-05-30,37.9,3.93,8.09,38.12
2022-05-31,38.23,4.0,8.21,37.65
2022-06-01,38.98,4.02,8.17,38.39
2022-06-02,39.3,3.97,8.25,38.39
2022-06-06,38.95,4.01,8.39,38.98
2022-06-07,39.03,4.05,8.47,39.45
2022-06-08,39.33,4.17,8.58,39.54
2022-06-09,39.39,4.0,8.51,39.83
2022-06-10,39.41,4.01,8.85,41.41
2022-06-13,39.47,3.93,8.71,41.97
2022-06-14,39.09,3.95,9.18,42.5
2022-06-15,38.4,3.96,9.72,41.38
2022-06-16,38.19,3.99,9.2,41.0
2022-06-17,38.4,3.99,9.09,41.3
2022-06-20,38.25,4.06,9.03,41.34
2022-06-21,37.0,4.01,9.09,29.0
2022-06-22,36.36,3.93,8.84,27.92
2022-06-23,36.48,3.95,9.08,28.1
2022-06-24,40.13,3.99,9.12,28.28
2022-06-27,38.99,4.09,9.07,27.72
2022-06-28,38.47,4.11,9.16,27.72
2022-06-29,37.35,4.03,9.0,27.49
2022-06-30,37.47,4.3,9.0,28.15
2022-07-01,37.52,4.28,8.84,29.14
2022-07-04,37.81,4.32,8.92,29.33
2022-07-05,37.34,4.29,8.83,29.33
2022-07-06,36.96,4.26,8.74,28.64
2022-07-07,36.93,4.23,8.72,28.81
2022-07-08,36.66,4.18,8.7,28.68
2022-07-11,36.09,4.14,8.66,27.72
2022-07-12,35.7,4.02,8.71,27.11
2022-07-13,36.34,4.0,8.85,27.08
2022-07-14,36.41,3.95,8.74,26.78
2022-07-15,35.8,3.87,8.45,26.99
2022-07-18,36.18,3.99,8.69,26.98
2022-07-19,35.99,4.19,8.74,27.11
2022-07-20,35.85,4.36,8.78,27.09
2022-07-21,34.95,4.42,8.69,26.45
2022-07-22,35.58,4.26,8.6,26.28
2022-07-25,36.38,4.2,8.48,26.5
2022-07-26,35.94,4.27,8.5,27.0
2022-07-27,35.77,4.19,8.44,26.8
2022-07-28,35.73,4.16,8.55,26.65
2022-07-29,35.48,4.11,8.49,26.4
2022-08-01,35.23,4.1,8.43,26.78
2022-08-02,33.7,3.96,8.05,25.59
2022-08-03,33.32,3.92,8.0,25.58
2022-08-04,33.71,4.0,8.07,25.62
2022-08-05,34.64,4.05,8.3,25.74
2022-08-08,35.5,4.19,8.3,25.99
2022-08-09,35.45,4.11,8.29,26.37
2022-08-10,35.06,4.08,8.29,26.38
2022-08-11,35.1,4.13,8.68,26.66
2022-08-12,34.47,4.14,8.75,26.88
2022-08-15,34.18,4.14,8.64,26.87
2022-08-16,33.98,4.12,8.61,26.95
2022-08-17,33.7,4.16,8.79,26.58
2022-08-18,33.5,4.07,8.78,26.77
2022-08-19,32.94,4.07,8.7,26.32
2022-08-22,33.56,4.09,8.69,28.03
2022-08-23,33.02,4.07,8.72,28.28
2022-08-24,32.35,3.99,8.54,27.39
2022-08-25,31.74,4.05,8.73,28.38
2022-08-26,31.77,4.11,8.61,27.79
2022-08-29,31.39,4.32,8.66,28.73
2022-08-30,30.9,4.31,8.7,28.35
2022-08-31,31.22,4.28,8.64,27.48
2022-09-01,31.28,4.29,8.46,27.16
2022-09-02,31.3,4.27,8.51,27.11
2022-09-05,31.05,4.21,8.57,27.26
2022-09-06,30.9,4.37,8.65,27.97
2022-09-07,30.86,4.48,8.56,28.01
2022-09-08,30.51,4.26,8.5,27.77
2022-09-09,30.6,4.23,8.65,28.28
2022-09-13,31.95,4.23,8.61,27.46
2022-09-14,32.36,4.18,8.45,27.15
2022-09-15,31.96,4.11,8.4,26.79
2022-09-16,30.7,4.0,8.03,26.2
2022-09-19,30.35,4.18,8.05,27.58
2022-09-20,30.02,4.28,8.03,27.54
2022-09-21,32.38,4.41,8.02,27.35
2022-09-22,32.7,4.27,7.97,27.6
2022-09-23,32.6,4.15,7.92,27.15
2022-09-26,30.75,4.04,7.84,26.88
2022-09-27,31.2,4.44,7.91,26.76
2022-09-28,30.96,4.42,7.77,26.05
2022-09-29,31.88,4.35,7.65,26.35
2022-09-30,31.4,4.37,7.64,25.77
2022-10-10,32.3,4.4,7.62,26.19
2022-10-11,33.29,4.37,7.71,27.01
2022-10-12,34.61,4.28,7.87,27.43
2022-10-13,34.27,4.33,7.83,27.26
2022-10-14,34.36,4.35,7.9,28.0
2022-10-17,34.55,4.41,7.94,28.96
2022-10-18,34.32,4.36,7.9,28.97
2022-10-19,34.2,4.22,7.9,30.08
2022-10-20,34.03,4.23,7.93,30.38
2022-10-21,33.95,4.15,7.94,30.25
2022-10-24,32.33,4.09,7.88,30.05
2022-10-25,32.05,4.08,7.84,30.41
2022-10-26,32.28,4.12,7.9,30.56
2022-10-27,31.92,4.02,7.93,30.27
2022-10-28,31.54,3.86,7.75,30.31
2022-10-31,32.02,3.9,7.89,29.64
2022-11-01,32.43,4.04,8.1,29.37
2022-11-02,32.43,4.09,8.07,29.41
2022-11-03,33.94,4.02,8.05,30.03
2022-11-04,34.14,4.09,8.17,30.38
2022-11-07,33.66,4.12,8.15,30.22
2022-11-08,33.72,4.15,8.13,30.35
2022-11-09,33.62,4.15,8.12,30.45
2022-11-10,33.38,4.15,8.45,30.1
2022-11-11,33.4,4.14,8.75,30.01
2022-11-14,34.24,4.1,8.76,29.75
2022-11-15,34.14,4.14,9.18,32.72
2022-11-16,33.76,4.19,8.92,31.3
2022-11-17,33.86,4.19,9.01,30.7
2022-11-18,36.03,4.17,8.88,30.32
2022-11-21,35.98,4.1,8.69,30.64
2022-11-22,35.46,4.05,8.67,30.43
2022-11-23,34.16,4.04,8.58,30.28
2022-11-24,34.08,4.04,8.57,30.38
2022-11-25,34.42,4.04,8.67,29.92
2022-11-28,34.5,4.12,8.76,29.35
2022-11-29,34.4,4.15,9.03,29.68
2022-11-30,34.3,4.12,9.04,29.8
2022-12-01,35.52,4.23,9.36,29.79
2022-12-02,35.23,4.34,9.19,29.5
2022-12-05,35.33,4.37,9.41,29.69
2022-12-06,35.65,4.35,9.21,30.48
2022-12-07,35.77,4.4,9.1,31.77
2022-12-08,36.11,4.35,9.14,32.22
2022-12-09,35.98,4.35,8.96,32.7
2022-12-12,35.17,4.42,8.82,34.33
2022-12-13,34.77,4.54,8.86,32.88
2022-12-14,35.18,4.51,8.99,31.49
2022-12-15,36.18,4.41,9.05,31.65
