,A,B,C,D
2000-01-01,0.6044536812924046,1.2389453570972682,-0.6114735629673225,0.40437328986747395
2000-01-02,0.5598321212480213,1.186635051794801,-1.9507923974815065,-0.34610742610270767
2000-01-03,0.29808757620339205,1.624779100587324,-2.436919777342233,2.0859563447577982
2000-01-04,-0.32527304271088947,0.6532748407683824,-5.704773616913535,2.005130318264997
2000-01-05,-1.4188432342407162,1.2174569182093122,-6.970972472810694,2.3923729783048704
2000-01-06,-1.230476935621056,0.11338803538049347,-8.145544176421836,4.0745361635430415
2000-01-07,-1.3842542870648376,0.03903547728204074,-7.819742608710799,3.5962124786225536
2000-01-08,-1.761828420579305,-1.6555973279894323,-8.312412490075138,4.952130583601561
2000-01-09,-0.05033597960775382,-0.521829315499271,-8.887393356564722,5.949825737723998
2000-01-10,-1.2094177724888562,1.6142875304125295,-9.240240817295703,5.393418725307815
2000-01-11,-1.9141330938387433,2.725275043365013,-8.960991480440299,5.920122977365767
2000-01-12,-3.07060444319864,3.6283738003692037,-10.218464289938012,7.427535347403763
2000-01-13,-1.0897981739879368,3.315068087493237,-12.400575641365808,6.870145323060768
2000-01-14,-1.9817434516960497,3.7859649346437143,-11.258645352315012,5.963357230181251
2000-01-15,-1.3256077484708246,3.9347722052502476,-10.84035139270237,7.198469492353229
2000-01-16,-1.2250838309713725,2.560812840498584,-11.097659073603037,8.427329170360109
2000-01-17,1.180713799275835,1.9940009387772937,-11.180154146395967,7.220898855749239
2000-01-18,-0.6298434359221785,4.163301652537255,-9.787242821794635,7.435139838680256
2000-01-19,1.2596051609219918,3.6613827939646333,-9.96190649896462,6.947704847645099
2000-01-20,2.008296427682886,2.113434465445593,-10.524136693996233,7.902894443136197
2000-01-21,1.668571115558513,1.9554121490340122,-9.99445268292353,6.6224240330110655
2000-01-22,1.6183637883821762,1.0904907586156667,-9.917103622810652,6.105005962170022
2000-01-23,1.4604124632347764,-0.3869908588889417,-11.242114899288405,5.78052733004714
2000-01-24,1.3459521930247673,-0.18337135627872794,-12.115022466112316,5.245162300392026
2000-01-25,1.1091765143019259,0.048809566829278006,-12.580703920434892,4.541584102481204
2000-01-26,1.2946533876666029,-1.8576487622462974,-9.825221701010694,2.041994306691816
2000-01-27,0.614257492363853,-2.954759361738382,-9.910272177443401,2.7224225287101764
2000-01-28,-0.6965780731196213,-0.3496288941378225,-11.924714697313973,0.6141636762054588
2000-01-29,-0.9566884643653859,-0.3362264987588935,-10.945830766436199,1.465735726965197
2000-01-30,-2.4503849051036664,0.9601511160064733,-10.496818185336167,-0.3962281724394052
2000-01-31,-3.1800465862707847,1.118710873586076,-11.157610200182818,1.3910612139859362
2000-02-01,-3.4012961654555585,3.9126077913592625,-9.557709725376341,-0.7542468342550794
2000-02-02,-1.4319843036561337,3.0844598870690034,-9.946099157052357,-1.588353062199546
2000-02-03,1.0115822477755605,2.40073680422462,-10.291792567360861,-2.295912261369914
2000-02-04,-0.7223187435728031,3.127260873215584,-11.07136271414229,-3.012925288911537
2000-02-05,-0.011204703172810193,3.611076989151245,-12.453754555644078,-3.2236755155559464
2000-02-06,-0.8645468523266805,3.1449645630686485,-11.814237127507495,-3.483525026274271
2000-02-07,-0.5207478021320956,4.944904307380637,-12.735752680304085,-2.5994963644784397
2000-02-08,-2.819075103413029,5.206144582389011,-12.707785639757118,-2.490979758288478
2000-02-09,-3.1835402927526104,6.127566525859356,-12.81853263451456,-1.4392902970064523
2000-02-10,-2.2317985307732355,5.650374454410073,-12.492900985409774,-3.859354688897062
2000-02-11,-2.5549458037862456,5.336042315624458,-10.58432050527775,-4.56145189014094
2000-02-12,-3.759515270735532,3.09417506509403,-8.612267631337383,-5.054052234249898
2000-02-13,-4.7547098541122805,4.536198612822179,-7.087390923067877,-5.910360400652271
2000-02-14,-3.820378760302649,5.514552750999898,-6.4224264112931095,-6.320579377200912
2000-02-15,-4.359533780761274,7.90477799020487,-5.699527936258828,-5.281665275931523
2000-02-16,-2.698940598173823,7.0926999074777575,-6.705394606907165,-4.392735685655029
2000-02-17,-3.5497073560595087,7.952996422988096,-4.158911601057175,-4.395471705931219
2000-02-18,-3.479971248880455,6.971281155562325,-3.5779273159063507,-4.474688999755773
2000-02-19,-3.042968462781725,7.463578297721045,-4.75967103785925,-3.6805125780765677
2000-02-20,-1.4367082886065132,7.695201049390065,-3.9823110012915137,-4.179267671915528
2000-02-21,-2.6099640525195595,9.161999404844538,-2.946309425334094,-4.501196118739823
2000-02-22,-3.092923270186424,10.019947640705801,-1.9802587531769467,-6.321582007942597
2000-02-23,-3.176204805200933,11.299275688908597,-2.5290092706808034,-8.356068225549397
2000-02-24,-3.9273228004549687,11.372556077476819,-1.5774317150957269,-8.979467177520862
2000-02-25,-3.687526196300676,10.717463712207506,-1.6141848643879655,-10.167661001076926
2000-02-26,-3.863278316313301,9.783548599103089,-2.1625826671005646,-9.682221352186165
2000-02-27,-3.0844043591394366,9.669096750837697,-1.0687847375241712,-11.965938876829693
2000-02-28,-3.0922303738972956,10.077472801258212,-1.905882308483203,-12.680286121983748
2000-02-29,-2.2487251432676505,9.139271300855109,-1.9280548410861134,-11.813863893180429
2000-03-01,-1.979155848135512,9.414634420128177,-0.9632094235451741,-10.675613019753571
2000-03-02,-1.4733214797757492,8.999171943014758,-0.3168308287202942,-11.784220959211723
2000-03-03,0.22023508211557008,9.51232794433717,0.5139299680233412,-12.67382042838677
2000-03-04,0.039027472165581834,9.999238270580664,0.9301970959320631,-13.374124356894448
2000-03-05,-0.8145608140387659,10.236498138622004,1.5941480989897152,-10.880644580726564
2000-03-06,-2.0101143740335283,9.95812555369243,0.5861199355170361,-10.665805503710711
2000-03-07,-2.873446088799859,9.07990394357083,0.3248422830537897,-10.123351545770058
2000-03-08,-2.816560614117528,8.780729482117287,1.616234440073749,-8.784249350352486
2000-03-09,-2.780205799250712,9.29865895463519,3.2544102353003628,-8.903380407518174
2000-03-10,-1.5768884303744901,8.82521473802286,2.3585011136636798,-9.785885912117909
2000-03-11,-0.9049899604898826,8.9696228740696,1.7275379818051113,-9.184309060226774
2000-03-12,1.0520941281312395,9.517594590702307,0.627298719719332,-9.489459502540903
2000-03-13,0.9829617403474004,7.646930621827162,-0.04565493273620369,-7.097816431867312
2000-03-14,1.4775190147955777,7.020895463620893,-1.5216320620234136,-7.115686468468279
2000-03-15,1.7874084458222417,7.6329054350612635,-1.0281126249504837,-7.265121544065777
2000-03-16,3.589048265286986,5.55526661282975,-0.5720205382396537,-6.963088619843902
2000-03-17,3.536146470317999,6.085322603422849,-0.45834318402556545,-7.456100508525987
2000-03-18,4.52415894723821,5.836000402722546,-1.365793818543628,-8.54873042357995
2000-03-19,4.0276269869688965,6.7101269171580515,0.3677128062984061,-7.992799550731615
2000-03-20,4.559075091288797,6.765483121735307,3.082539486402906,-8.289981792671853
2000-03-21,3.851252804736132,7.898428384075947,3.0684143362968803,-7.959569509957383
2000-03-22,5.17220907617214,5.921055094329882,3.8415910828915414,-6.258706919992373
2000-03-23,6.567195730967317,6.960537229759639,5.20534938635147,-4.906378494678571
2000-03-24,6.867699785816042,5.930391852752505,4.990817664411182,-5.016417408612231
2000-03-25,7.2318071923333145,6.053935424238464,5.101300037334772,-4.484699970315586
2000-03-26,5.357238458118475,7.473250948097892,5.117662054175667,-1.2799307001544955
2000-03-27,5.805039132580634,6.421441708434914,3.9861655311875994,0.03977587552737982
2000-03-28,4.9629681237456165,7.812415945125564,3.703021035178332,0.48329472549822616
2000-03-29,5.236637388574614,8.009232448679876,3.5663650306612853,-0.5217542143029682
2000-03-30,4.793863915782345,8.213925608131753,4.7322132655087294,-0.9275823489951849
2000-03-31,3.9963017208474203,6.765243808562488,6.958134338178607,-0.49595124686138337
2000-04-01,4.0203176538147885,5.668672408721731,7.031823583820423,-0.19494850725078094
2000-04-02,4.442504868586292,5.125789308077612,6.792228194175618,0.4162845561385706
2000-04-03,4.044853465522383,4.573499971814567,7.671989494312407,1.3361861772007422
2000-04-04,3.8027708782553664,3.368193234536415,9.10127672836409,1.5710672579265283
2000-04-05,2.5743653706881586,4.399159720973832,8.644363742704854,0.012733472123484635
2000-04-06,3.635550146404806,4.426890291872646,7.981521777307049,1.2023554718934992
2000-04-07,3.8539369207339047,4.518970801729992,7.980339506697626,0.007293565436781835
2000-04-08,3.1005854566187394,4.2371464601457465,10.034202494590616,-0.08588759475678168
2000-04-09,1.718961316787443,3.2293528447460234,9.231603346682594,-0.06304643420241024
2000-04-10,1.1638622868395845,3.759978155028066,8.773304622895912,0.7083456118973874
2000-04-11,0.9186199619090946,4.183567378685446,7.87909073844678,0.8159390021432767
2000-04-12,1.0490488286998962,4.987495176770637,8.20049790062557,0.39594406106640595
2000-04-13,0.12868103024818212,5.210443475849009,8.036031831103665,-0.34349690772521596
2000-04-14,0.6935198605196304,5.838294615713818,7.076512061396398,-0.8885844464036308
2000-04-15,0.9189384641425077,5.556952386731445,7.3644264878850825,-0.4270272068133244
2000-04-16,2.7314014896778347,4.733222883148711,7.53141177328856,0.06526712739276819
2000-04-17,2.8727854046461365,4.961628481782315,9.314627926877215,1.6151194092829324
2000-04-18,3.046261216814958,5.498525341242324,9.240499285882542,2.642169029317081
2000-04-19,4.668013358547828,6.068348192358483,10.194803493971394,2.818519328943896
2000-04-20,6.352759173077448,5.827634439119238,9.610444521058179,2.6472035465729196
2000-04-21,5.575392984400657,5.3265441782308836,9.728028676556487,3.2329683544580305
2000-04-22,7.426726958841006,4.392295373117103,10.028917434284395,2.9862052503452325
2000-04-23,7.053798327392029,4.996024034365389,10.955744773263918,3.163279013398924
2000-04-24,7.802136636625457,4.364157469616403,12.35845205621737,2.3505087734903567
2000-04-25,9.470491614927127,5.938601526206054,11.61519604152281,2.821637782610199
2000-04-26,10.531836095509641,5.41889149046095,10.739562640001232,3.066220795324107
2000-04-27,10.978644928567304,4.380632028973578,9.461701892943507,5.03441979671917
2000-04-28,10.551363981513045,4.152093963949595,9.684528785943174,2.8072761500820693
2000-04-29,9.786725898498988,5.523681796263812,6.83605119671323,1.6083053852045768
2000-04-30,9.842660379120272,4.585649917804955,8.826846547909199,1.2200811369657119
2000-05-01,10.106274948496283,1.762004987440875,8.183937094364751,0.7903915656769157
2000-05-02,8.869894958025197,1.3142174696374982,7.116509185744723,-0.06133360670901944
2000-05-03,9.182964984763684,0.8745476113858026,5.152634234266499,-0.7210655853731771
2000-05-04,8.54130116382682,-0.11444339339371878,5.743564554283928,-1.2084836348764798
2000-05-05,7.221892450236941,0.14694415938041705,6.702972632129757,-0.9440112483044935
2000-05-06,9.024160595969295,-0.24719345010778776,7.451785145917435,-1.2744895672864431
2000-05-07,8.647852300656492,0.14942045157456596,6.998393923079516,-0.5037449727429365
2000-05-08,9.32436846850551,1.5266452692052415,6.000526664711643,-0.3566568449289407
2000-05-09,9.055879492469387,1.6124261940015912,6.712544482719621,0.35576403242579213
2000-05-10,8.356050302164412,4.260579979849357,7.549207564989256,1.6646821273893457
2000-05-11,9.94295023756178,4.289052873426441,7.781243669429175,2.0157312978796025
2000-05-12,11.005800818790531,4.057320844988715,8.819199233603683,1.135911139830826
2000-05-13,10.22133387312903,2.815215929523495,8.475577197959083,1.3945118759481636
2000-05-14,9.558701340736505,4.054302664056657,7.3027219620812724,0.25720862095425834
2000-05-15,10.028465056969457,3.925809121446184,7.4248623375507075,-0.2279287057773814
2000-05-16,9.46549890329599,4.914798139082836,7.248527915710456,0.2775799167480603
2000-05-17,8.59761290270573,4.693395790458331,8.172206576171128,-1.5884483762806056
2000-05-18,8.772045282448126,3.849147324393031,7.438462835541984,-1.8918266642725836
2000-05-19,9.481878067492968,2.3108035193212553,7.081438201180972,-1.898018617696025
2000-05-20,7.147240524517207,3.7608900471751885,6.575595143192798,-2.355019376358003
2000-05-21,7.760183304775684,3.196511386221241,7.380410822208324,-3.053385235347735
2000-05-22,7.176590868472677,2.1954825109328393,7.069297134935869,-3.0610656674056917
2000-05-23,6.597987216304674,2.083005680692006,7.712493623714506,-3.8742159789045942
2000-05-24,5.387434443463398,2.6738113126663396,8.041635366872143,-3.870704697920013
2000-05-25,5.190011952914915,4.015811613831723,6.765732342367221,-0.9798772299994258
2000-05-26,4.66275691803597,4.215932418124316,7.345538145801164,1.302640250487047
2000-05-27,5.707160861645308,3.6128585690320074,6.800446094152221,1.1909897870777475
2000-05-28,5.426066362530162,2.9422437090553917,6.78224737600439,1.7884882906212716
2000-05-29,4.365285485009899,1.588070600303091,5.995318233575959,1.5228745539644537
2000-05-30,4.818361784517726,1.4510651495907054,6.710849954209242,0.8516640182532206
2000-05-31,4.888465193712437,1.2757328675086421,6.608712166521796,0.2865600861391586
2000-06-01,6.249476554904467,0.8577289873297504,3.918522925325486,1.0530868291534639
2000-06-02,5.38189059721216,0.3924598822726609,2.9845553608913775,1.8062909375589595
2000-06-03,5.892589919299571,-0.5198602722795436,3.3798639345982355,-0.005620530615706443
2000-06-04,4.651314143182257,-1.9001973703221238,4.194430630010895,0.4318991516418413
2000-06-05,5.171029777082313,-2.1506585036165813,6.427576201027038,0.8033734963445058
2000-06-06,3.8991609735967776,-1.9860919115901348,6.776343919475326,0.17106558452284204
2000-06-07,3.2483369869708123,-2.3519822768767287,5.908118510561033,-0.30814386487649187
2000-06-08,3.3162070918085056,-3.058708039114678,6.693260026565843,1.0040958291822746
2000-06-09,2.8558102174318747,-3.490403998196636,6.015578508913318,0.6247596585556265
2000-06-10,2.1406831349440303,-3.330360121623726,4.547043706766896,1.1371254799269215
2000-06-11,2.837985052860071,-1.5533055522364223,3.8188457974194074,1.0139962398872715
2000-06-12,3.15034143527468,-2.0621108740068705,1.1871798693021187,1.6382518599392841
2000-06-13,4.772611253454287,-2.2240419836109337,2.7531445386153823,3.4756268190644777
2000-06-14,5.680673009639551,-0.32663890632197545,4.289272335533445,1.558026019446396
2000-06-15,6.3204289670863405,0.21384158518131502,3.66711403076425,3.197105348845566
2000-06-16,5.354535084054786,-0.6699353473678482,0.9576462548064835,2.086408338297008
2000-06-17,4.897705951533521,-1.287058353952876,0.2270241618927108,3.0224063875613094
2000-06-18,3.7864072815951264,-1.529925018831957,-0.50582946528634,3.120019606099589
2000-06-19,3.6793677013878967,-1.6959594738814274,-0.7362735112570062,2.709187109542849
2000-06-20,5.546444400993031,-1.199018676768795,-0.4395081609576689,3.006079295705075
2000-06-21,6.910350050925343,-1.790935091671986,-0.5744167812689891,3.1286433468143855
2000-06-22,8.32541648706169,-3.974028775016664,-0.6367751690167028,3.4699535463742537
2000-06-23,7.554259316804476,-3.478119675888416,1.0579439338611434,3.0669517345573714
2000-06-24,7.376863686145689,-3.8196172281506193,0.3324484912327754,2.5308337789229993
2000-06-25,6.941039003346755,-4.176331837229481,0.1570437196177833,1.734999801942925
2000-06-26,6.9965482010297,-4.232064797914349,0.46793905316097106,3.0210126870948106
2000-06-27,8.298389667035277,-3.8028351890926633,1.330852409019766,3.996242833604018
2000-06-28,10.347864683702948,-3.36805614131156,1.4271233489264006,4.557997851864048
2000-06-29,9.386491437839352,-3.851888607649887,2.3495818214853528,5.486074709082462
2000-06-30,11.129510827373908,-4.653406479685263,2.5734094304506576,4.136824023633105
2000-07-01,10.963870086605384,-3.9910511861289057,2.6520845929368058,5.103646051408279
2000-07-02,11.124515519653375,-5.444678554571466,1.6736975957592102,5.4737057812336545
2000-07-03,10.781955406351406,-4.612842827972884,-0.019302246021608127,4.532547071068586
2000-07-04,10.950182722088554,-3.30180234686882,0.07859740986090256,2.9260970763263554
2000-07-05,9.867802194483101,-3.7988437608489063,-0.3336778169435106,3.2861957034759723
2000-07-06,9.154010871704921,-3.6861346766830794,0.474729562082976,2.734087158031085
2000-07-07,9.308165764539835,-3.7677481686026524,0.8654304706425413,2.564280163448663
2000-07-08,9.205939451595631,-4.796602952070235,1.2790185594523127,1.664393636442802
2000-07-09,7.659353327690679,-4.027972010915487,1.748485117383434,1.3061507608177045
2000-07-10,6.489966987622164,-4.046375019161143,1.6752776133540717,2.270839624959394
2000-07-11,7.610789346646005,-3.7505230286597686,0.9973521316585706,1.1759358494333165
2000-07-12,7.4639669182381505,-4.093953385849108,1.0025914503447442,-0.09152170357701395
2000-07-13,9.55417287833291,-3.009139320411621,1.0824722998774212,-0.9842642152914224
2000-07-14,10.295605710105132,-5.003293472787222,-0.1273409217320105,0.5739889371126964
2000-07-15,10.312505930828213,-5.574744071818858,-0.9802260962230699,-0.04838629681573192
2000-07-16,11.877693161003597,-6.539892872727244,-0.9481146038814301,-2.296440168629677
2000-07-17,12.12638047230082,-4.271873760309475,-0.8639076196591142,-2.082846402846476
2000-07-18,11.658902000015612,-4.537061599864642,-0.6722099701355911,-1.5324492096720546
2000-07-19,13.031138177360832,-3.7153806196864805,0.8982473280880111,-1.489485315340171
2000-07-20,12.679801845676884,-3.1760213155757695,2.1117075883639935,-2.8338585793372775
2000-07-21,12.622472756420708,-3.9040579569001204,2.467098008743409,-2.1730323095849906
2000-07-22,13.85735967001945,-4.900058460907923,0.730141670603796,-2.2297373866165047
2000-07-23,13.543854252935226,-6.315841817035535,2.733680207638727,-1.9802445775219621
2000-07-24,13.37758081234539,-5.264635876819457,2.5841240459956305,-0.00045058230362227114
2000-07-25,13.86265771550704,-6.412920030525836,1.2964427059878691,1.1703260800095336
2000-07-26,13.772240107822835,-6.2993748495547175,1.0612697238104956,1.7781788726169856
2000-07-27,13.698241612879345,-6.534622609940676,1.9273201308510588,2.02556617457295
2000-07-28,14.280521083641492,-7.818771354575722,0.8899962803828645,0.0914497814219879
2000-07-29,15.42802458939257,-8.221173994480727,0.45821458081092764,0.30603889647684
2000-07-30,16.565832801231835,-8.797510120312628,0.9002471680913766,-1.063498033619135
2000-07-31,15.167800002333232,-8.529959203836293,1.032133477695751,-2.261354024360897
2000-08-01,13.895379784151787,-7.694603443589274,0.04284591664022819,-3.2373101939154254
2000-08-02,11.692479898673492,-8.23847586636739,-1.6122749852783864,-3.521362460556825
2000-08-03,11.147977615712056,-8.16374989075614,-2.391696289966032,-4.445921750334575
2000-08-04,11.04281269428777,-7.117129264246188,-3.606081272601352,-4.359396212720028
2000-08-05,11.575945769516451,-8.22448849061805,-2.465550333824349,-4.182388555260272
2000-08-06,11.965069672422283,-8.238312309149443,-4.501328869992243,-4.056831766342634
2000-08-07,10.597439023883524,-8.057479589369787,-4.327057383254718,-4.381022043700345
2000-08-08,11.382519050073574,-8.279906137783213,-5.002290222263461,-2.920761052411257
2000-08-09,11.015348395219561,-6.880361661797879,-3.4978820572943605,-2.869810244068313
2000-08-10,11.31706369052406,-6.939797651646198,-2.3031180116251937,-4.009703065895055
2000-08-11,11.80597101504476,-5.808652192626092,-3.343418029664196,-4.540741520553752
2000-08-12,11.103308931067405,-5.7461746922752495,-3.164332996834131,-4.418682061713046
2000-08-13,10.330103162006147,-6.276177936172542,-3.5838743806187376,-6.80315171339373
2000-08-14,9.866009360496193,-5.457225684885796,-4.193550540860189,-5.827619488762232
2000-08-15,11.023436338010972,-4.83377752275854,-3.095505901715015,-6.021432351650887
2000-08-16,10.909191483450387,-7.0043581108812685,-5.327167683089612,-6.948130810231383
2000-08-17,13.056782494849056,-4.470783046605112,-6.3914467527613965,-6.670312279431793
2000-08-18,14.726078622206701,-4.416785982701572,-5.058856847776252,-5.669987912574994
2000-08-19,12.925170953835215,-4.001679915906039,-5.5882298614245185,-6.8149711449760515
2000-08-20,13.690100396136257,-5.929503117280423,-5.608846682683025,-8.641310437067816
2000-08-21,13.771571309591177,-6.666457598826194,-5.426633109766868,-9.330470764896946
2000-08-22,12.4207703169727,-5.967293835928093,-6.850668938320686,-11.069641094604922
2000-08-23,13.059069764455497,-4.84708010816931,-5.239085932967741,-10.887528987288283
2000-08-24,12.341385936916094,-5.320365871015349,-4.442693520518824,-8.647393438545999
2000-08-25,12.116414779302763,-5.146937910816972,-4.009467890076467,-7.562070084305414
2000-08-26,14.415033026984185,-5.754643987541251,-3.512042965745867,-8.421044490164299
2000-08-27,13.24005192867018,-7.35876588442804,-2.5439930600079124,-9.567240025578137
2000-08-28,13.571067654923601,-7.859408699040019,-1.4117329602581503,-10.674131814980084
2000-08-29,12.702282358467215,-9.074026818071113,-1.6959222279718018,-9.683938975197979
2000-08-30,13.523968582006095,-7.898589000581509,-0.8629193307092996,-6.647996435661112
2000-08-31,13.157305099900835,-6.188536943575471,-0.7690434612294224,-7.3633344745763365
2000-09-01,13.080977581040607,-5.43581079510319,-0.2031851702890961,-6.448039359136533
2000-09-02,12.461935884905955,-5.670697174489726,-2.2785495174545876,-6.125659069376729
2000-09-03,13.862724115295526,-4.23888287029968,-3.4002392587510952,-6.175610822465376
2000-09-04,12.254153298885107,-5.145190393344267,-3.5876614997828034,-5.297354102157489
2000-09-05,12.224680532102074,-5.7645818723773194,-3.2030325277793765,-4.875918249165494
2000-09-06,11.954724862297653,-5.175230059323074,-3.5449978480407793,-4.743852643189247
2000-09-07,10.540669371880469,-6.706867021784802,-4.010394209616483,-4.290005694806751
2000-09-08,11.95301774682083,-6.894560094386291,-2.7760089017661533,-5.893604043542637
2000-09-09,11.7477060750296,-5.869626181569734,-2.7638023715381874,-6.107993143808188
2000-09-10,12.180774725594228,-5.880747912974652,-3.178809318127974,-5.077147446344799
2000-09-11,13.429917635360459,-5.946956144740734,-1.5763860294615077,-5.075936557155441
2000-09-12,14.403458554813671,-7.016221923201259,-1.1259225712966694,-3.7796948210551853
2000-09-13,13.76138076333204,-6.1485686743834576,-0.7056302979839975,-4.0841220180014846
2000-09-14,12.691011541273172,-6.4119814948495915,-0.4836297828499515,-2.5732731049359225
2000-09-15,13.383852654295534,-6.123613818949673,0.768319548139195,-3.9235052506558494
2000-09-16,12.277565589152486,-6.107329361702809,1.7979589411392385,-3.18803497759512
2000-09-17,12.915051655301696,-6.521097875032065,2.739938639140832,-3.1769708844704287
2000-09-18,12.36833924681798,-8.200713723998415,3.0857765047112466,-3.6224950936558407
2000-09-19,13.078434415260771,-7.399521420331337,0.9153951032699958,-2.602549092141226
2000-09-20,12.934688836756436,-5.422333690258119,1.7007069914607722,-3.956204510252899
2000-09-21,13.063229937134722,-4.668569576848512,0.8341831143553892,-3.25564651009611
2000-09-22,13.480324635637709,-5.543945355710125,0.6352928184856517,-1.6412992351576914
2000-09-23,12.068347484529397,-5.310139019147806,-0.4497511245530632,-1.533137851318219
2000-09-24,11.314445914134765,-6.296460048470312,-1.2029174867947474,-0.7371038850089442
2000-09-25,12.027562659091307,-5.987758592363359,-0.8480141199587388,-1.7554266464786281
2000-09-26,13.85753189960532,-6.273034637675929,-0.682373360049146,-1.1445585726120586
2000-09-27,14.571144875203098,-5.529461975443041,-0.6545385336935049,-0.05501873212537545
2000-09-28,15.026705909650254,-4.93636571406281,-0.9746897768955066,-0.7385621561705366
2000-09-29,14.629519100422085,-4.076419144666903,-2.0042445994831377,-2.416705323728331
2000-09-30,14.135292226449366,-3.0752410485687145,-2.3279879361380256,-1.9215869048817296
2000-10-01,14.30652543985275,-2.7018068362263885,-2.7720541993626284,-3.6098338009605166
2000-10-02,13.406635125541769,-2.178586726781729,-2.4359536217700675,-4.55699449008962
2000-10-03,13.327530172766991,-1.5556631805538454,-3.2075215915190025,-4.7027051551542645
2000-10-04,13.386284234661193,-0.7784436084675099,-3.831999254441046,-3.101130533689772
2000-10-05,13.81815752809103,0.19303548427158324,-3.6748934006891423,-4.228426721586892
2000-10-06,11.757915344238157,0.2726982301679714,-4.362852929223699,-4.595872175383177
2000-10-07,10.331319626793498,-0.0799949390243685,-5.580204260774669,-2.6876670603845287
2000-10-08,10.685370760045727,-0.11801933254941044,-4.31004940754351,-1.9068001236736207
2000-10-09,11.904472205724613,-0.7423485799291771,-3.8556453910345727,-2.0581702835201106
2000-10-10,9.59484152775881,-1.4028975340456764,-3.2989059518089845,-2.065786053489431
2000-10-11,9.610047114176954,-1.480196889171679,-1.963354854417819,-3.328112125826714
2000-10-12,7.877439809801939,-0.5201586728081992,-0.628454916610163,-4.272607028499086
2000-10-13,6.885233510786771,-0.0463860754700689,-1.042966619254471,-6.5205552748562425
2000-10-14,8.140666313564363,1.7163861257776256,-0.09167286628099502,-7.406425166754891
2000-10-15,9.331364618523649,0.5528020113707348,1.232237057704281,-6.894628309332233
2000-10-16,9.904521365701044,-0.5848977851450601,2.209414977793095,-7.85531920332682
2000-10-17,8.745614418596727,-0.9460062529586762,1.621860828806742,-7.618555924264269
2000-10-18,7.589775149346826,-0.6906633606449635,1.308619112029654,-7.651138654317787
2000-10-19,7.695023110990115,0.44586616627631614,0.35754571774260036,-7.345609374452248
2000-10-20,7.8057538613397375,1.5237981767015436,0.6600398430317105,-7.191412471001023
2000-10-21,7.555598184377021,2.422829446001626,-2.6612850677420865,-6.673352820760686
2000-10-22,8.355028390051812,3.0367736730574797,-4.903489208236044,-7.819539066359459
2000-10-23,7.928318541726468,2.758795057623655,-4.9960506444947965,-7.687937559424427
2000-10-24,9.000568843980835,4.121897914148537,-3.9840143962892807,-6.880708916935458
2000-10-25,9.606761697932251,2.8304391286264554,-4.916395370388819,-7.316657949892083
2000-10-26,9.803896575450988,2.179379542036826,-3.527330444635017,-8.553964244486181
2000-10-27,9.888378034781478,2.9631019619986056,-3.8770774133128776,-7.413624932260903
2000-10-28,10.553443146734844,2.498157130227778,-2.6165111959935015,-6.661149388686839
2000-10-29,9.818281393649203,2.0110183693499852,-1.7555164657645013,-6.7134093091160425
2000-10-30,11.07347470781593,2.889725265111209,-3.060985217773572,-5.051274372469907
2000-10-31,11.346970112967748,4.445602579342069,-3.79884216325609,-4.661687562840168
2000-11-01,12.173686001534753,4.677304243684073,-2.392039487726817,-5.800828340578612
2000-11-02,14.008696956835273,7.571502161897518,-2.590440423330059,-6.686122635602838
2000-11-03,15.317024775492275,8.584266156128368,-3.507650959600754,-6.913537775895137
2000-11-04,14.518258002782076,8.661950444405178,-3.255052223586424,-8.771568029564804
2000-11-05,15.194765985289562,10.396693083139326,-1.930219667855423,-7.960723604899182
2000-11-06,14.041795140110187,11.385524910515624,-3.5372438762633718,-8.512121961161975
2000-11-07,14.352791693583503,10.805208175385784,-3.531405778716886,-7.726707319937348
2000-11-08,14.23064535779151,13.472196341264567,-3.2395300442163144,-8.513832683786239
2000-11-09,13.630057260899846,15.226311862611695,-2.436027121178161,-10.075031142752795
2000-11-10,14.217219573991617,14.948710962753756,-2.35723823401731,-10.3497567178082
2000-11-11,13.144123829567294,13.383655396244047,-3.4598921707188754,-10.921977642010322
2000-11-12,13.271935659364273,13.118067228916852,-3.9156143781189177,-9.79188163996352
2000-11-13,11.710389987253139,11.769234687428012,-3.619805842408008,-11.435665370005387
2000-11-14,10.901672206455721,11.35550954583578,-2.975379325051761,-12.399620177935397
2000-11-15,9.487199516040878,12.91885303140075,-3.3304450984052263,-11.798302816014687
2000-11-16,10.742691041041668,13.566620907688781,-4.822603048725577,-10.766000848796217
2000-11-17,8.98512915939851,14.269295547279793,-5.445086856413842,-10.88093373053286
2000-11-18,9.35323682417891,13.417130771890232,-4.190160367492887,-8.723431075789833
2000-11-19,9.827391315941595,12.847832008811794,-5.633981430451306,-10.206312430680413
2000-11-20,10.971882948450945,15.563448205286026,-5.55652280759496,-9.199280435925319
2000-11-21,11.846809428532527,15.12284076998835,-6.874208751688541,-8.554118251391557
2000-11-22,11.548276823392769,16.272284840723106,-10.199049807237882,-8.822595320299497
2000-11-23,12.094679799880515,16.08448023939593,-10.550500160557382,-7.868604402111559
2000-11-24,11.318686100070066,15.592070366851084,-11.608893249957037,-4.9328762411979294
2000-11-25,11.97633838066466,15.859374406035428,-12.167154137971036,-5.6386202621615364
2000-11-26,13.3529710041675,15.054778166138657,-11.626637752962656,-4.799323474825734
2000-11-27,14.143076919026836,16.250856757880904,-10.966134227741133,-6.290678231461962
2000-11-28,15.303191375427305,16.23623723535071,-10.622894196504102,-6.0935799395347345
2000-11-29,15.5891746011361,14.983354429203732,-11.635190833022104,-5.757007248335262
2000-11-30,16.54041701587835,15.477848019831272,-9.064143695856439,-5.106185262550838
2000-12-01,16.04822229581722,16.20228412608562,-9.593774566155588,-4.866115971389484
2000-12-02,15.922072355370663,17.30712621539393,-10.066877202787886,-5.505716450456494
2000-12-03,15.98520274271601,16.849420539704337,-9.579279049862933,-4.343654295483502
2000-12-04,17.693035352179184,16.30785359790806,-12.036242261767532,-1.9473102930586177
2000-12-05,18.81669444875546,14.818418965899687,-12.801297909756517,-0.9295990102840335
2000-12-06,19.29087986371815,15.716187092515286,-13.229062558480605,-0.9908338062105309
2000-12-07,20.599209519937812,16.313938165281993,-11.839036628423763,-1.12176445290589
2000-12-08,21.682112434270604,15.951251634959974,-12.105283346083086,-0.36171390270496095
2000-12-09,23.497167726725124,16.33027317294409,-11.503793352374231,1.8023836938168247
2000-12-10,24.699432767947336,16.519040636309985,-10.52623664906806,0.0634146087502434
2000-12-11,23.063780365730675,15.222171205017995,-10.427802558333706,-0.0045501003914382165
2000-12-12,24.207014871568504,15.696178308327594,-11.33425478818577,1.0132609234857366
2000-12-13,24.791443311939513,18.718066929841335,-11.096636616696975,2.406505659532667
2000-12-14,24.888441944216346,19.104924522108377,-11.174877143599812,3.187662656267227
2000-12-15,24.961659796933898,18.213333542326335,-12.497853336410122,4.513182288254108
2000-12-16,24.524948059524274,18.749576595653004,-12.348925837705544,4.052876770228926
2000-12-17,24.347229118000122,19.67007627240214,-12.843547885295674,5.381338091890757
2000-12-18,24.78224966203702,19.03229746103851,-11.809693676219524,4.932850358578932
2000-12-19,22.801923224406433,20.42668960742936,-12.456144134133712,4.671058025435003
2000-12-20,22.573653219204797,21.33231464915192,-11.785864862574906,4.387068793253863
2000-12-21,23.425326759868735,21.588013986305143,-13.635618795351949,4.370808346651076
2000-12-22,21.480268599116826,21.911427597454825,-13.424772706276384,4.699539908329473
2000-12-23,21.05566886928393,21.60675705407826,-13.761589550773618,4.918806330925911
2000-12-24,20.58249945643062,22.047691511684075,-14.113273946795477,4.426962899190727
2000-12-25,20.285414413334365,20.91786913858575,-15.347894511367777,5.904675956688177
2000-12-26,20.01949026047794,22.23610293839287,-14.115343291979984,4.509739293928682
2000-12-27,19.198951825200243,21.498389348116604,-13.91906829498874,5.035628863899126
2000-12-28,20.12397543688046,22.113381236157856,-14.554171461349682,6.01818859755938
2000-12-29,20.28222526372052,22.955935610251238,-14.822281411406564,4.578561548102268
2000-12-30,20.90514815717126,23.68696940916709,-15.761821075618117,3.488702632573336
2000-12-31,19.58998340042966,24.119882761416758,-16.35905779598919,2.926973603577193
2001-01-01,20.755633369787652,24.028459209585048,-16.865911518215363,2.5106310493364545
2001-01-02,19.703448807835983,25.75959912694071,-15.104256656237101,1.7475465373151267
2001-01-03,17.812739648328495,26.289993098484324,-13.34885606004208,2.6697208222158397
2001-01-04,17.491475750308343,26.617314877507916,-14.243548633094008,3.960178110698472
2001-01-05,17.032332239863262,26.216366086662756,-13.306987679627253,4.682993315513816
2001-01-06,16.439980149211017,26.02519194122088,-13.127907487193273,5.67171725962027
2001-01-07,16.091455852918706,26.768097695357582,-12.01846323704367,5.622244803844705
2001-01-08,15.50883631096037,27.879907320830572,-9.922684781298578,6.479270619930763
2001-01-09,16.430338573332016,27.80989624342165,-8.397663620428482,6.230613834044853
2001-01-10,16.275475003102915,28.650111248609985,-9.073210530101035,7.016429327139642
2001-01-11,16.521156614498278,27.21758398117963,-8.366782823949736,6.481247038937596
2001-01-12,16.203073549523044,27.719491572218576,-9.000612245255402,6.285426256011186
2001-01-13,15.306149822798174,27.607260630700978,-10.029806259640425,7.225675459542674
2001-01-14,15.412415824118938,25.97950744991652,-10.690319593829392,4.806453598262776
2001-01-15,14.475365348008886,26.400185952235606,-10.032709907408954,5.846704211627126
2001-01-16,13.861262686646398,25.998679402380027,-9.743827191968922,5.9455185345058705
2001-01-17,13.584062520961213,23.902777258640572,-8.883484314842246,6.231034759055215
2001-01-18,13.005919476326744,24.12529739183178,-8.003396538777837,4.661572313870058
2001-01-19,12.605780496149498,24.34839704018219,-7.250143415790815,5.043812289319113
2001-01-20,13.94486202138772,24.559286901091888,-8.470367368426158,5.704458644288519
2001-01-21,12.250786115394295,24.796155149280594,-8.385268104132027,5.804546699733896
2001-01-22,11.96582098518309,26.150748875210162,-8.41952301599938,4.054798719778673
2001-01-23,12.305215657184506,27.0025583844078,-9.57469671616767,3.8016172996923867
2001-01-24,13.518608373664932,26.656420927136278,-10.98889646150009,3.7620332032982207
2001-01-25,13.532067837724421,25.944573435506936,-10.635298024007277,3.2112792749509955
2001-01-26,12.849901917260524,27.138816547454564,-11.109812624927931,2.708382591348349
2001-01-27,12.667547124138956,27.39062090446577,-10.968560486839403,1.9307648120216783
2001-01-28,13.071498961292018,28.022680563345556,-11.34012825422436,1.331114151245289
2001-01-29,13.114200855753074,28.04555459452775,-9.779352176223606,-0.2599465447974305
2001-01-30,12.87140523510793,28.416594957636875,-10.359822380344557,0.5197803103447037
2001-01-31,14.27431635689812,27.966349166695423,-9.557117270243046,-0.23238233322389357
2001-02-01,13.804389482486386,28.787991622660375,-9.256305205426155,1.0095741914475065
2001-02-02,13.18787773695077,28.522854348919555,-7.93245622775583,1.750885317373128
2001-02-03,15.444451353504405,27.27381445395421,-9.780206413995058,2.7617033593019458
2001-02-04,16.828020430811392,28.332914701313143,-8.730574152330817,2.043027601413979
2001-02-05,16.34179943813384,28.759624461717582,-9.494968009107387,1.481062459611163
2001-02-06,15.845737313788476,26.63193051439821,-9.652195222503842,2.099181401613573
2001-02-07,16.4503750669281,27.02751154611775,-9.443869743359967,2.3186120491485935
2001-02-08,17.610630746408532,27.087035464825085,-11.619986000010414,2.2129119261999315
2001-02-09,17.50076284950961,27.925370441802322,-10.002988802123236,2.4043068655008155
2001-02-10,16.64188906034629,28.548813963397777,-9.775405256084364,1.4731640171925675
2001-02-11,16.24677133915487,30.754347647445147,-11.283594802812399,1.0138215912246538
2001-02-12,15.404885467448592,31.31586431047576,-11.374202511702398,2.7057543964501383
2001-02-13,15.507331630882051,31.835960138661545,-13.026845879293141,1.5966290781353372
2001-02-14,15.466967826908824,31.848968088224566,-11.461301688234443,0.5036540352382692
2001-02-15,14.331369172409934,32.91941915077136,-12.156405302952397,0.1189130626276062
2001-02-16,14.696427503222615,32.41384891437544,-11.491889952898191,-0.7550271413106067
2001-02-17,14.22360270206963,33.01311105682685,-13.025353787457018,-0.42623719596937726
2001-02-18,13.093107645322966,31.593071936924147,-12.076332681453973,-1.6535043174922128
2001-02-19,13.281058494460304,33.20599715262387,-11.57480245182286,-3.220593774344586
2001-02-20,14.64643027956728,34.136752818841025,-10.596996845181474,-2.262845559437093
2001-02-21,14.071642505509004,33.81554179957131,-9.043473044448923,-2.5885365753048113
2001-02-22,14.171747884015696,33.63390673662019,-9.319605026571496,-0.8237047602243122
2001-02-23,14.01684232168211,34.751521949431464,-9.39901182949695,-0.7915974547742854
2001-02-24,13.769137077096424,33.99284136900771,-9.431489513210419,-1.8215902483864883
2001-02-25,11.876414319573676,35.328976266331225,-9.042117090860787,-1.848119843186809
2001-02-26,10.591414546383254,35.48889184536597,-9.0720556375254,-2.432278327208114
2001-02-27,10.713904777415951,35.368596189543474,-8.738421588299625,-2.584089960601037
2001-02-28,9.81753945746969,35.5969481168653,-8.5416192635925,-2.906778578561888
2001-03-01,11.346793823820184,35.48088020512072,-8.819838589355243,-1.7304724417489332
2001-03-02,10.82819553118385,35.73414027656948,-8.599072709053727,-2.06757867051454
2001-03-03,10.270793226052627,35.76398638239649,-10.225364841501367,-4.580708052239434
2001-03-04,12.70329990825447,36.277760589813425,-10.510581730694588,-5.2647986723115805
2001-03-05,13.564828894611878,35.13455515128739,-9.764414145478888,-4.668627051434617
2001-03-06,13.796957048648865,35.4316084269853,-9.512715400802472,-2.8489516565831936
2001-03-07,15.18217028615381,35.197590538036486,-11.038810478693044,-3.494412086643405
2001-03-08,14.855906807336227,37.01725408483024,-11.467196152043574,-2.9276644837471175
2001-03-09,13.389706043450461,38.51117830317788,-10.962315307700555,-1.652030645436916
2001-03-10,12.395189135293661,37.706765490338654,-10.582922878412836,-2.182257841756907
2001-03-11,13.28314639896217,36.91817743757553,-11.939427317557229,-1.756471632382984
2001-03-12,13.668681721877181,37.425415685061736,-12.721497993286812,-1.8363860366481393
2001-03-13,11.911041928307093,35.946167446954085,-14.236758238807758,-2.043911966920563
2001-03-14,11.825600110805286,35.56443323919914,-14.293572310582732,-2.080027553389812
2001-03-15,11.084592100835623,37.81698272844432,-12.731043461791542,-1.7441431675236532
2001-03-16,11.513134578955626,40.031414468171334,-13.164144565691117,-4.116862028612126
2001-03-17,11.352132001640841,39.86602361478654,-11.595853214213552,-3.561422197950976
2001-03-18,12.261739692596283,40.197194209411435,-11.245725945278041,-4.624858443036011
2001-03-19,11.647851558575503,39.79409899089639,-9.648357435643476,-4.993688431638119
2001-03-20,10.433484000177964,39.71353370724991,-11.963335623239967,-5.458221921682285
2001-03-21,8.542762771280852,37.82454455476092,-13.009703511968986,-5.503362818659254
2001-03-22,8.548460493558899,40.78290662330955,-12.32275420764663,-5.156043136738444
2001-03-23,9.878443612541789,42.227409836370896,-14.223784391980908,-4.0376041631282575
2001-03-24,10.16957796916132,41.92333667205602,-15.09047663612516,-3.572023018334407
2001-03-25,11.22325253797943,40.49519127961946,-16.773157318164692,-4.50352034664526
2001-03-26,11.421505855772896,38.935966268537115,-17.579612202607716,-5.246536299879688
2001-03-27,11.974828816901073,38.324727069875756,-18.959191563632128,-5.422659476416632
2001-03-28,12.586240149666825,36.45008876800899,-18.764554858355698,-6.823692582187938
2001-03-29,12.5127382690217,36.000179769982644,-19.40059180123782,-7.880880238764263
2001-03-30,11.886124610666549,36.870763004852634,-18.74125939517372,-8.822359494870572
2001-03-31,12.94119912556472,37.97274795948957,-17.492228737504057,-9.792592050934688
2001-04-01,12.1677232988215,38.1778936399877,-14.711169066499039,-9.759530746826137
2001-04-02,11.538137921362276,39.281153516836056,-14.65116185632174,-10.568726825223216
2001-04-03,11.549368671263576,39.42206889945087,-14.112615542754236,-10.175245360935163
2001-04-04,13.727499009910156,40.33319222725179,-14.931137172386219,-8.92729356133343
2001-04-05,13.66475166130321,39.7440713307425,-16.138383157504954,-9.481305438306094
2001-04-06,13.34145337038604,38.196028023598835,-15.30544799192357,-9.299578793630404
2001-04-07,14.932890361735929,37.338749406377154,-16.305471460177017,-10.257966554563259
2001-04-08,14.804637001323176,37.109725454044224,-14.857302100503645,-11.616660332547479
2001-04-09,12.902673385484384,37.96311166493984,-15.745652996744067,-12.280315482494855
2001-04-10,11.876573333092091,37.36695128952666,-14.488348415651737,-12.219076587142226
2001-04-11,11.067320205342094,39.004163515822476,-13.823319715220654,-10.383288736363394
2001-04-12,11.83755843830656,38.61818622968241,-15.20825191848695,-10.898895299908416
2001-04-13,12.684252739056559,38.18505143946758,-15.198265961091739,-9.96931130400202
2001-04-14,13.315215097021765,37.42223713208123,-15.327536464173184,-10.24520283730304
2001-04-15,12.815798224479487,36.18331487452231,-15.65179147780388,-12.085653978662569
2001-04-16,13.412261833014528,37.70096265163016,-16.82314071932827,-11.671694275455252
2001-04-17,11.321155146308033,38.54296673510902,-15.521420205734817,-11.056784570147745
2001-04-18,11.050765511746217,38.207685042227325,-16.12184322624197,-12.271673958774393
2001-04-19,10.291770837968356,36.506523498806985,-15.675113940817951,-12.508337928677856
2001-04-20,8.803857759730779,36.43995066452269,-15.2454744570842,-10.688849025090692
2001-04-21,10.427471913342533,36.29346865425442,-16.178326589607074,-9.589108031534211
2001-04-22,9.302879980709838,36.379047859113435,-17.821269892607962,-9.517589992449395
2001-04-23,9.49961691378577,35.66353522091548,-19.037052071697463,-9.17519529150131
2001-04-24,10.653432739900593,37.437253762542575,-17.706188471795226,-7.130232049745011
2001-04-25,9.973054389008519,35.84971577485333,-16.73173117858839,-6.7730458923274695
2001-04-26,9.28355375772637,37.14030692454858,-15.093312394203236,-6.060539635699005
2001-04-27,11.36294797722044,37.08346939977999,-14.70362087476284,-5.913442572147196
2001-04-28,9.223940524873175,38.287117584798146,-14.046117538128906,-6.910165983891277
2001-04-29,9.393882768153004,37.653637430552806,-12.197822177783106,-7.298767528599638
2001-04-30,10.457703221529021,37.014366080643725,-11.342350505576364,-8.0355896483052
2001-05-01,10.071224573883654,37.44949023909923,-11.127804662667932,-8.172764592769415
2001-05-02,11.389429450321845,37.242106564541515,-11.149895002954135,-10.159742918752835
2001-05-03,11.30493431899602,37.310861483498016,-9.648732367963744,-10.790508540919173
2001-05-04,10.41286837330346,38.822151674641894,-9.983589720024447,-12.1676578493219
2001-05-05,11.4185125697451,39.68037836382041,-9.078194666418723,-14.063338400213715
2001-05-06,12.540755194889957,39.14667822945276,-8.490816890097115,-14.187613001064872
2001-05-07,12.794399954987629,37.7720590707358,-7.415111970773886,-13.452396946524996
2001-05-08,13.536964838179442,37.26736406495997,-7.101695236601156,-12.878730539126229
2001-05-09,14.41036550483753,36.13636543952313,-8.738387349561364,-14.066094213952958
2001-05-10,13.285029569588348,36.46784660361088,-8.59797407726609,-13.142780450757973
2001-05-11,13.998683079177576,37.17749313727135,-8.429922039994732,-12.88889438767895
2001-05-12,15.28550596287228,35.982082746517754,-7.992002849344762,-12.797955575971232
2001-05-13,17.15294474854805,36.09917655702709,-8.10233441611634,-12.185063067938174
2001-05-14,17.72445733228478,35.34827111546413,-9.656447168496998,-12.18774942829772
2001-05-15,17.577307469896898,35.3739629091937,-10.126343278397833,-12.76827660746382
2001-05-16,18.92716604898151,34.8607910189902,-9.392723598020412,-12.065859526554254
2001-05-17,18.6116484187113,33.427312774863836,-8.479069944713746,-13.146858767738937
2001-05-18,19.549031181104343,32.96428802494653,-7.216209816758359,-14.742128461646745
2001-05-19,20.395961041269835,32.60872633416513,-8.218215271308491,-13.72939628950563
2001-05-20,21.651192794645457,32.008449340797654,-8.454499610179688,-15.451226783480786
2001-05-21,20.329014848090996,30.972993571126523,-7.7409223797835205,-14.87461482939505
2001-05-22,20.761475626864986,31.662837403565476,-8.814688474457897,-14.813896912287325
2001-05-23,20.247370735402317,32.212413804509566,-7.334123193537754,-14.4544308542622
2001-05-24,21.095292236101052,33.53860078902748,-7.300286867374241,-12.999561061991907
2001-05-25,21.06209933522685,34.39887995068912,-7.083001212991816,-14.332149150257507
2001-05-26,20.94804572561365,35.5944064607504,-6.575586027833192,-16.09625714502868
2001-05-27,19.99017262312509,35.68562737799696,-6.397769707805626,-16.457616007082446
2001-05-28,19.82212310433541,35.732180866504784,-5.151984198531478,-17.23824013634397
2001-05-29,19.190195779413774,36.11161493765476,-4.67460406250111,-16.407562188774754
2001-05-30,20.782316984732123,36.83384763178068,-6.147033120966751,-17.248367106611028
2001-05-31,21.460402148452236,37.00753092499588,-3.8376146898962435,-14.6631110184702
2001-06-01,22.163761261582934,37.36668094171714,-3.302941363165511,-15.492191621195468
2001-06-02,20.807451632893365,37.5104655097606,-2.4802720434029473,-15.292272468526557
2001-06-03,20.201997902589294,37.63540823568204,-4.254734005469816,-15.22610732012708
2001-06-04,20.969258992602285,39.074060516699994,-4.091306262816396,-14.887466119124547
2001-06-05,21.24508722825704,40.44807274147617,-4.782919450943511,-15.759366143419816
2001-06-06,23.37452490333853,40.7122225522095,-4.3178325610042325,-16.53843345175231
2001-06-07,24.74657989511458,42.16592034845539,-4.304615442869369,-17.00423760329775
2001-06-08,24.80762362919987,41.23904000044677,-5.323137923352053,-17.79531458637394
2001-06-09,24.841535089267815,43.653315462893396,-5.800862045613912,-18.94668726275383
2001-06-10,24.70540976693458,44.114583608002505,-4.944518256325474,-19.756829758365186
2001-06-11,25.703317732529992,42.8536823128545,-3.516741500709358,-19.263762540592307
2001-06-12,25.56256032523093,44.283996476657485,-4.627832786955789,-18.78737451710888
2001-06-13,25.09913807507906,44.98511195995239,-3.5298425480005573,-17.95325317008039
2001-06-14,23.260349326813323,44.1111992863514,-4.101325467296692,-17.435426268484775
2001-06-15,22.544253135722652,43.28720379613296,-3.9226933857019226,-16.04636960314652
2001-06-16,22.439772061155814,42.594207180282176,-1.9598279978736093,-14.606857429574864
2001-06-17,19.524891001766097,41.74509214325182,-3.2031201845224113,-14.224103155736904
2001-06-18,18.881038545095784,41.31738780433514,-4.196580599130696,-14.692297714373884
2001-06-19,20.909860679655093,40.653856590162555,-3.007124264590068,-16.588723375468646
2001-06-20,21.25127060391166,41.56907480436189,-2.895570080124467,-15.153151935285722
2001-06-21,19.836831579062345,42.53271948570762,-3.0635130855975166,-14.501598945243664
2001-06-22,19.47712464038624,40.371649695934025,-1.4750470077475542,-13.45931438848447
2001-06-23,17.90217195450493,39.04249652866029,-2.647918845132434,-12.898902681274482
2001-06-24,18.462512639494022,39.54990765304924,-1.1457263594585754,-12.393446192113295
2001-06-25,16.887781378428876,38.04046854894937,-1.0122046871906232,-13.839904686937755
2001-06-26,17.965602408974227,36.49636040997818,-0.5193917977451923,-13.448698563958805
2001-06-27,17.540953371066134,36.685764575984706,0.8141803418966953,-13.036699705498945
2001-06-28,16.435971087518393,35.7554078643395,1.6358225184975974,-13.495455925471786
2001-06-29,15.193123486045538,35.962820918465724,1.1003129242966585,-14.35868506401695
2001-06-30,14.911937788172686,35.03430129405703,2.0456105149947668,-14.70850056678601
2001-07-01,14.860795938142667,36.5394660183213,-0.1874139276672997,-15.040200135010451
2001-07-02,14.415141100775568,38.45376621999669,-0.36140796952857634,-16.402006557061796
2001-07-03,14.177757686609741,37.419733203243176,1.255127064035592,-17.33047079974826
2001-07-04,15.256668736349196,38.20200919429428,2.2535397700178317,-16.07356361711841
2001-07-05,16.627107081789276,38.81605290588988,4.106807903789295,-16.760175261290684
2001-07-06,15.848079031741563,40.360321341971364,3.784327823664079,-17.688169792336765
2001-07-07,17.772508666687617,39.70615037914532,5.958621432116017,-17.52942898474598
2001-07-08,17.690353905600997,39.49986218260077,6.4795140681585615,-16.799114537488688
2001-07-09,16.227185288646677,40.77879066957577,6.169856608159731,-17.05473008976464
2001-07-10,16.52373745852385,40.973398964218106,5.6095238749248795,-18.02505777438638
2001-07-11,15.456232264016633,42.10121768888659,4.9986188330072565,-18.132399351025178
2001-07-12,17.141555810520828,42.97012975184034,5.604962977695243,-15.28759389949652
2001-07-13,17.916866583153798,42.89356712798407,6.225874540281902,-16.814547668639563
2001-07-14,16.02078413951824,42.88217099169931,5.559544362830307,-18.67927621820218
2001-07-15,15.552730058292793,43.69783654627723,4.935574416257923,-17.326254441710024
2001-07-16,14.241316995605864,41.99691145367585,6.432700632057643,-15.603570798917538
2001-07-17,15.6429163371359,40.26481135876773,5.977282533353101,-15.40023632601205
2001-07-18,15.087997986576624,40.91518436668827,5.956532530454703,-14.642228036159635
2001-07-19,14.310024581459558,38.838118892670266,6.968870896858129,-15.287902671403875
2001-07-20,15.276688308768783,37.143835010443844,6.416610312810661,-16.173566626009862
2001-07-21,14.79324112927395,37.1569199505104,7.302314339272305,-16.07759747157808
2001-07-22,14.907061270552816,36.75431951121144,6.890211127193091,-17.315489453725945
2001-07-23,15.47951556875555,36.970576100507515,6.87404336224944,-18.527768625072948
2001-07-24,15.666615569295793,36.83486663450524,6.740933916214548,-20.043557052109115
2001-07-25,13.275156219689633,36.02965640556859,6.70718960550076,-21.306051303991726
2001-07-26,12.733873744481834,37.3580557116762,7.160126307759398,-21.65399292675284
2001-07-27,11.423201551450648,37.57447776933949,8.430016654857402,-21.95570925462744
2001-07-28,11.171462189941678,37.24720305455814,8.169613313097075,-21.970119835208415
2001-07-29,11.626863761826726,36.849069949090214,7.8020320511690615,-21.854880642735083
2001-07-30,12.1964335155067,36.60916966728985,7.405795423123522,-22.003458005835366
2001-07-31,13.504410130563677,36.19086249202278,8.88956662285988,-22.9234738294103
2001-08-01,12.110984915364245,34.70813092760013,9.048215267788441,-22.276049922822768
2001-08-02,11.810605749149614,35.26469939964177,9.445175368430018,-22.612602368667236
2001-08-03,12.610648786226063,36.106721072729314,7.866979012047651,-23.638813512819276
2001-08-04,13.876697822860955,36.42061863738303,8.255708774065315,-25.23103609101242
2001-08-05,14.414203346112156,37.09277507090474,9.906031631769462,-24.5851461844046
2001-08-06,14.436642155611516,38.54466800428916,10.575286870138857,-22.91285030740869
2001-08-07,14.288857473934815,38.65259155969034,9.06014221191868,-22.370922156036844
2001-08-08,17.084397169922507,38.12738680533344,9.93119332048845,-20.94529261649514
2001-08-09,17.364753929329996,39.19643323872828,10.541403930990326,-20.511913273023882
2001-08-10,17.300456437726037,39.1061815101754,10.932869409444669,-20.6520739217696
2001-08-11,17.23167748637967,38.736207315359565,11.47311180480134,-19.66674458736984
2001-08-12,17.35909454145611,38.78983758909834,11.441031508850099,-20.337893294703484
2001-08-13,18.593208735370922,38.98375215812872,12.067669187296461,-20.850366319813507
2001-08-14,19.238694516395036,42.35678177902965,10.660198451068304,-20.20366081711808
2001-08-15,20.020272443303693,44.327517389601724,9.138045451031513,-19.188869075950237
2001-08-16,19.8644243249931,44.79442774780911,6.351944353812302,-18.18370940053745
2001-08-17,19.668398229577235,44.575315497097804,6.01593768686191,-17.13769021454137
2001-08-18,19.53638451215881,43.46202155366675,6.7116986249607145,-20.42826370632702
2001-08-19,18.979100913519176,42.82747857164409,5.403604370704182,-20.21411200917869
2001-08-20,18.64967238774474,42.3821371805899,5.598831231713015,-20.47470596935353
2001-08-21,18.889668931030105,42.76338859307786,5.360528477517684,-19.52411887403017
2001-08-22,20.095195566072437,42.73293541361838,5.964840262684352,-19.010860913418348
2001-08-23,21.105091703360273,43.41285150361174,5.068069517646902,-19.646984106684194
2001-08-24,20.655974171461256,43.14684314514749,5.184243768615565,-18.986923284390738
2001-08-25,23.098063553361243,43.951661720823466,4.7485647576630114,-18.1645848302649
2001-08-26,24.449972076377943,42.62939272855351,4.581555633571676,-18.226648702000684
2001-08-27,24.08457066411758,42.285478119682516,4.890181093120589,-17.777855532486843
2001-08-28,24.589966838082386,42.47204425336828,3.996406380103804,-17.75263222102968
2001-08-29,24.762576920714256,43.027537237703,5.771536291226761,-17.843012431960293
2001-08-30,24.648067730682072,42.96913398336956,5.6129905963283,-15.827197889149193
2001-08-31,26.078647667571737,44.34565601934972,5.667589162084778,-15.084435086523165
2001-09-01,25.14461169474244,45.87285493725332,6.6766521601621935,-14.174412906848247
2001-09-02,25.17705574432202,46.2070642504953,5.02671238832117,-14.831333554861036
2001-09-03,25.641949478023896,47.08724120537153,4.56014307290325,-14.80277429906923
2001-09-04,26.604159538229336,48.30675913709378,4.457464207161938,-12.610420208570227
2001-09-05,27.57911100122773,47.38860260930416,4.50799782218085,-13.729151568720283
2001-09-06,29.18898292320282,47.845113278083154,4.324750629495733,-13.279354284532808
2001-09-07,29.42387356270085,45.752420512707424,5.1467640140202295,-14.349379695669425
2001-09-08,30.990015867030273,44.09402281811606,4.6817094823325185,-15.306954029759261
2001-09-09,31.074637754618976,45.41522996637685,5.4881033948611435,-15.046556294455979
2001-09-10,31.752830650299362,45.29898372620472,5.640381383244276,-16.561134216723698
2001-09-11,29.513202952778013,44.320840603597794,6.35778678324359,-17.50031826836509
2001-09-12,30.16235675059296,43.14876887024026,6.879268934261383,-19.80712844023804
2001-09-13,30.210400610340532,40.598024355525965,8.357089156520933,-20.775318130564948
2001-09-14,30.626725987772396,40.5147079257893,6.9085397688585966,-18.608043234002803
2001-09-15,30.564972183394886,41.018170247941505,6.216419295203796,-17.588675666045656
2001-09-16,32.15633086641928,42.13290158078097,5.434446671769471,-16.901534737510346
2001-09-17,32.848301486035304,41.890224890931655,5.764066838023087,-16.139720392191155
2001-09-18,32.98119638955385,41.30329707123972,5.415936912938418,-16.082255627868893
2001-09-19,33.54796671810589,42.441475889270485,4.962771651775303,-15.283838730979008
2001-09-20,32.53489366837183,42.70923678382465,5.7612510109645925,-15.793906358295278
2001-09-21,33.055740786374606,41.966609688310385,4.552020958749264,-14.4750587036351
2001-09-22,33.17887511025208,41.92075065042661,4.343897347506457,-16.17400559598228
2001-09-23,34.11787119971843,41.715379186912486,5.9817531293777,-17.291655881612986
2001-09-24,33.91017701244943,41.616389465800346,6.441704941375039,-16.640580911126264
2001-09-25,33.04390045830094,42.01021417680538,5.690185776836238,-17.25647843410802
2001-09-26,32.34566015360504,39.311729985455166,6.4728931066533075,-17.62977293141379
2001-09-27,32.18997078941472,37.65996644007976,5.535694471069882,-18.335051290766415
2001-09-28,30.928713058583423,36.241916526885426,7.261124359811953,-16.449985757110888
2001-09-29,30.85846899075274,36.27174993550717,5.76869362693531,-18.52966779443729
2001-09-30,31.79330509382217,37.83787123540233,5.789923890655276,-17.206345702756014
2001-10-01,32.18717594200625,37.53937368017111,6.360089953085332,-15.03119752405249
2001-10-02,33.144844313835335,37.673499860735944,7.0076695074560975,-13.550237256588872
2001-10-03,34.916929884378945,39.5510976423176,5.780922030951549,-12.896173550898736
2001-10-04,34.344822682733415,38.38816313396718,7.416194518284725,-13.735802536951379
2001-10-05,35.808827712580154,37.75049989377695,8.228466873661755,-15.812096083026564
2001-10-06,36.64418948216598,37.19262430021887,8.69079444606844,-15.54108373079874
2001-10-07,36.25268999155654,38.21462711894256,7.787974946786992,-14.405439943517116
2001-10-08,37.9701268586274,35.87923261318591,7.223172619543664,-14.857440903978665
2001-10-09,37.1033679761239,36.32558052708451,9.04709977432881,-14.66614807427338
2001-10-10,37.30159880908649,36.96603783914392,7.615703854797919,-15.80050302621472
2001-10-11,36.557116002898496,37.895693803916245,8.18739920808385,-16.733370257623314
2001-10-12,36.5379352788173,37.858616880008896,9.415255602280933,-16.389271315119288
2001-10-13,35.880703311680456,38.05601084719052,11.221533565018857,-14.437085559956154
2001-10-14,35.35619019384356,39.15697389386238,10.49762084356329,-13.538969571165955
2001-10-15,35.67860545237318,37.81271241630932,10.688280305645215,-12.806338004876364
2001-10-16,36.605356342332406,37.840057341890684,10.11101849535512,-13.268024430462024
2001-10-17,36.013977342437286,39.56005914585696,10.24359633915174,-12.792623447006466
2001-10-18,36.078002956120066,39.28939691356291,9.77587539110621,-13.33133035156762
2001-10-19,35.17806452057741,40.17642214136532,10.329105868780772,-13.432211248191082
2001-10-20,34.8493336133162,42.07512646831935,9.83956794752528,-13.245302034928425
2001-10-21,35.12413431595925,42.37106369064416,9.60821315663863,-12.963728648594213
2001-10-22,35.72538446677365,43.00062465890753,9.075259205177634,-13.286609671013485
2001-10-23,35.946895253496194,43.0735917953353,9.484976596655756,-13.44259963147815
2001-10-24,35.98381387006603,45.78199414204198,9.510593555134214,-12.960053723287109
2001-10-25,37.25877959843741,44.758361236035604,9.222496623570988,-13.16334186637617
2001-10-26,38.29843820909574,45.124940774006916,8.84110603556635,-15.122051574008896
2001-10-27,37.17771489546681,43.602250452770086,9.623995500749295,-14.943145433558813
2001-10-28,37.21588706567932,43.3731968314151,10.60166609763719,-15.929844393885334
2001-10-29,38.408683933982125,42.65272189655623,11.209689087268085,-18.223460018237994
2001-10-30,38.33380250003821,42.32633093563752,12.567788048303246,-18.88956287491285
2001-10-31,38.70130523893212,42.35582174655492,13.569340348252082,-19.528514613064207
2001-11-01,40.709922008288224,41.9774482587024,14.355786907123049,-19.35845223079238
2001-11-02,41.389886287914905,44.229045987197786,13.420625944688362,-18.39386874804408
2001-11-03,41.90108699594371,43.32824607595362,14.374391774058035,-17.268785645688144
2001-11-04,42.63693213063419,43.14130703818615,13.77868915929304,-16.94357400426233
2001-11-05,41.05367511320729,42.825576616371194,13.082317284768429,-16.91740809074806
2001-11-06,43.40403465439518,40.282532584564215,13.39578884934395,-17.648684831272675
2001-11-07,44.10852133732827,40.3413755196823,10.654210236031986,-15.972057971970507
2001-11-08,42.774952431927964,41.46795596330993,11.174987262680517,-15.463871655475687
2001-11-09,42.990391526359744,41.139204447476814,10.235756390923775,-15.829915556962135
2001-11-10,44.31745890251075,40.66397352914103,10.232983092514877,-16.20922555191703
2001-11-11,44.90998659690039,40.35431590770736,10.142143774845557,-17.250814479100335
2001-11-12,45.12697960936502,39.99920589709893,8.851446518562774,-16.839052007261095
2001-11-13,44.89950590640936,39.32088882536432,9.69921595091009,-16.66621772204415
2001-11-14,44.603267629295004,39.29419756436022,9.589206905960353,-16.77536950257064
2001-11-15,44.16877839670505,39.664121454295376,9.409400334157516,-15.65591710992303
2001-11-16,41.85567393815236,40.46946275921959,10.313213855767918,-15.475189276282611
2001-11-17,41.38562465932244,41.088731552974416,11.03280656689457,-15.628161583329938
2001-11-18,40.91721029745897,40.60441208815334,13.187313455533467,-15.724663584947175
2001-11-19,41.58628892627493,38.87710507113406,12.739471906386262,-14.79159237609481
2001-11-20,41.822799339186794,38.32319837818383,11.796079488309761,-14.153070896686776
2001-11-21,41.90982970839217,37.67598165849239,11.802654295928015,-13.228619456279631
2001-11-22,43.15755436679421,36.99481674907284,11.137587476236098,-13.262005045112968
2001-11-23,41.97098275070087,37.111713624086796,10.891841914240505,-12.951843547363227
2001-11-24,41.35697928171855,36.688026893954046,11.104638882858305,-13.49271941443899
2001-11-25,40.502207469997025,35.94106917771384,11.64356160167325,-14.449485431752258
2001-11-26,39.046086801716996,36.328103359514984,11.507214192881424,-13.456394759473355
2001-11-27,38.304916172430936,37.302200432045076,13.790833191805206,-13.656784000153918
2001-11-28,38.01005538638979,38.166962056177105,14.399173035749431,-14.080996194976453
2001-11-29,39.237750920438266,38.9902356033914,14.716005253079478,-14.146739146473323
2001-11-30,38.98428640636403,38.63207970943518,13.40903221594881,-14.888784333963152
2001-12-01,38.42935437611825,39.44840292234638,14.83774074452504,-15.529439798883661
2001-12-02,37.10934825928501,39.38299531192174,13.152784651523874,-16.53404966596026
2001-12-03,36.40582249573871,38.33235301573968,12.314110467976302,-17.129138696010916
2001-12-04,38.427047352055,37.255999897413,13.652676730784146,-15.705557774350986
2001-12-05,38.19189206625016,36.59992572565773,14.534421439607364,-17.441097836921056
2001-12-06,38.65738432067749,34.96717549095586,13.75209370175015,-17.696482748557948
2001-12-07,39.581257300050275,33.25572431304434,15.662394678589315,-18.566827287553696
2001-12-08,39.203770393212324,33.04006052857171,15.974517205632102,-17.078176533974883
2001-12-09,39.1717701419507,33.360623500314475,16.796424631606325,-16.96045862261536
2001-12-10,38.862440091454786,33.12546855413919,18.133109927903135,-17.634586417371487
2001-12-11,37.7564151476561,33.016681269632315,16.817842495402374,-17.43579878490065
2001-12-12,38.86664961836145,31.3364430471237,17.751977990335156,-18.75693296151835
2001-12-13,37.78115088316451,30.681942987587497,19.021584990636338,-19.462305493276325
2001-12-14,37.142882355163295,31.15554387246534,19.010323490707833,-19.01955716524605
2001-12-15,35.9471001676692,30.517603616440997,18.427766133831078,-16.699583366903415
2001-12-16,36.87891402718454,31.095074758370213,17.988198210499146,-17.006321091486754
2001-12-17,36.76712352765146,33.1950115240097,16.735324309446455,-19.501050628933555
2001-12-18,36.953672660473835,32.16484894261377,14.966316185251657,-18.768544702791466
2001-12-19,37.84335588982695,32.20831651847777,13.883357580005734,-18.659647776255014
2001-12-20,38.48840563269281,32.78319237395665,15.01765949079131,-20.214360365498948
2001-12-21,37.6484555776939,32.74844004958246,14.601053310800175,-18.6259345674275
2001-12-22,38.99538375648623,33.27196923888143,14.26631873534327,-18.170498224849254
2001-12-23,39.11625091664781,33.96680713558138,13.775938897456205,-18.083967423565753
2001-12-24,39.96251742711069,35.071949439291934,12.633815767779707,-18.200492456087808
2001-12-25,41.186547885101014,35.20233710488488,13.004822195438416,-17.386999131823956
2001-12-26,39.85848250023122,34.29650489839609,12.398394681312242,-18.225738188362374
2001-12-27,39.98621746786556,32.25493014064472,12.868154049840173,-19.102462151925
2001-12-28,40.01516474184734,31.787834533176433,13.232325950562766,-19.894285081245222
2001-12-29,39.669842858428694,32.716097377324736,13.00889185608126,-19.108124478951606
2001-12-30,38.82868309599614,34.322594041144335,13.769100941074628,-20.07361810892237
2001-12-31,41.28022735780777,32.19202342375681,13.618460198949709,-20.19245257205692
2002-01-01,40.90026863618388,32.6058964579308,13.602319250021798,-21.2999750435854
2002-01-02,39.618290900954634,33.44887309839135,13.585889979495777,-21.90960046448117
2002-01-03,38.7857422876551,31.9717872797107,12.799891044109334,-21.888278473783025
2002-01-04,38.96147713898,31.21261541689994,11.939232433851208,-23.440730602808465
2002-01-05,37.23133851921276,31.334196117498323,11.444366313917474,-23.337426187578703
2002-01-06,37.4126850331545,29.243948318661857,11.6016834485634,-23.746115614432476
2002-01-07,37.30527863597044,28.383756947106615,11.672615406963192,-22.65511335671889
2002-01-08,38.95800082045758,30.35915799692527,11.319206972494873,-21.708261575214543
2002-01-09,40.52535510126542,30.148157329205283,10.055572585529916,-21.589469072512767
2002-01-10,40.28133307252339,28.669470629592443,9.840309331581905,-20.885393629606902
2002-01-11,40.12120578348859,29.137519463165084,10.519558413231684,-21.3275422531824
2002-01-12,40.28722463829196,28.464042238459584,10.543371980074134,-22.55738190056859
2002-01-13,42.81138390091675,28.341646859399262,11.007315449535069,-22.161929850735966
2002-01-14,42.40046683981303,28.372946228514202,10.84685708239052,-22.997177751024875
2002-01-15,42.01756621109889,28.234045740573094,9.970406475377798,-22.285598605981445
2002-01-16,41.30932255723987,27.669998085088523,9.15332764294066,-20.144975906107064
2002-01-17,42.16378625742792,26.434524405353173,9.51849104537946,-21.453307285070007
2002-01-18,42.840914498842345,25.929936328426564,8.8184856607109,-22.035158309671445
2002-01-19,42.022987180031954,26.6545937757216,10.021938885099733,-22.43854850306499
2002-01-20,40.41314310630667,25.820393534466376,9.779410936901137,-21.761226624963637
2002-01-21,40.301503972060665,24.693816692645104,9.352445293835844,-21.49919803409066
2002-01-22,39.28380757198011,24.092887827613158,9.609829015267087,-22.962552912411
2002-01-23,38.8103562045225,23.276133869969645,9.43341966493234,-22.545931475939064
2002-01-24,39.578849553762616,22.699323733618723,8.253662781559244,-23.15075011306877
2002-01-25,38.91102999148647,21.72363565379364,6.584516826843371,-23.099866115065705
2002-01-26,37.57310486561343,23.472857980753346,7.414365164645599,-22.7207609940776
2002-01-27,38.70627633083067,24.262753534592612,7.8274998720568485,-23.277835470430638
2002-01-28,38.81796414783215,23.440333521448178,6.746257994196133,-23.015957436326534
2002-01-29,39.709917839954436,22.35916550110397,7.225570758597543,-22.89649312809751
2002-01-30,38.814807050877555,23.412315102460983,8.591011848317162,-22.256910005063737
2002-01-31,38.29305551040978,22.098070731361915,9.200879791206349,-21.65132529170611
2002-02-01,38.8267093392013,21.69923405346495,10.37117040096385,-21.424780688643246
2002-02-02,37.92296528786253,21.85738052478974,10.659513777062939,-22.261571410447797
2002-02-03,40.0359359948916,23.17312248312328,9.425095957025942,-21.204245469916422
2002-02-04,40.00151677789661,23.160138884841714,10.430780062843656,-20.715347420682917
2002-02-05,40.73800525858388,23.85177825425066,9.628970877301219,-20.0569038605205
2002-02-06,38.52530104864711,24.250238042708787,9.063480791774413,-21.36822288470326
2002-02-07,37.512650420786535,24.757711691645543,9.619556330051832,-20.638490592716927
2002-02-08,37.336207976923596,23.52848696389954,9.393747319500644,-20.16950338781171
2002-02-09,35.683575559113244,24.881299925027157,9.647059409899288,-20.00309222931281
2002-02-10,34.361648586028174,23.648311118634012,8.823652184866374,-21.010319360031342
2002-02-11,34.324854994347966,24.18448515185379,7.557962669350384,-21.468172278350757
2002-02-12,33.37846496402994,21.71172307735863,6.1590140971494245,-22.693923927556632
2002-02-13,34.75404055195839,21.018458107474984,7.305565302531543,-22.248270946347848
2002-02-14,34.04158832227831,20.099883106996522,8.482764567598256,-21.883538251162026
2002-02-15,33.573282296749966,20.33320446442463,7.541425404584764,-22.085540617345913
2002-02-16,33.89033560785547,21.153332124027315,6.820834217959511,-22.98671411426877
2002-02-17,31.979363581038733,20.35944539279596,7.468317606923613,-24.81309252252702
2002-02-18,30.857058962284604,21.516587941041166,6.994505606458233,-24.55710911844768
2002-02-19,30.811441193687,21.636939216244,8.725377575849617,-25.1256864681544
2002-02-20,32.63508377235655,20.030923336865367,7.190255154299597,-25.257015118133985
2002-02-21,31.627949266052024,19.5593446322218,7.248459211087428,-26.567744577727836
2002-02-22,32.03092356115597,19.38434284945751,5.921812941401586,-26.87959900769533
2002-02-23,33.91297650344279,19.347036107696862,7.065356860720469,-25.938579105786175
2002-02-24,34.73432841873733,17.767078152290416,8.17591262999183,-26.091843372483805
2002-02-25,33.4852052504332,17.619370003833414,9.69656188779417,-24.97619460318131
2002-02-26,33.5570794088949,16.510329198419672,8.280760500590679,-25.13491523034776
2002-02-27,34.412001497878215,16.55296387506967,9.138733710118917,-23.462743930477444
2002-02-28,35.92688228922178,17.208542441062693,8.521428100910569,-22.946916976050613
2002-03-01,35.936146691057516,17.797638790016105,8.875945088802107,-24.043176170080613
2002-03-02,34.51115983035704,18.641885643599835,9.06292456774386,-26.31095867051299
2002-03-03,34.03499542147577,17.89790429718479,10.322508995863412,-25.1001465078905
2002-03-04,34.79338878746269,19.036851608539777,11.210883853113232,-24.536366681856542
2002-03-05,36.61445013042924,19.652073655246383,10.772530749571755,-25.197839137933386
2002-03-06,36.20620277424278,19.04043151283021,10.707536469939873,-26.16085210575085
2002-03-07,36.29735494529946,21.278302395008517,12.140239570305752,-23.4200373688395
2002-03-08,36.05702777006905,21.149975711950887,10.54098294061864,-22.83894147627672
2002-03-09,34.97154717168756,21.63162610740948,11.491044254473572,-23.6634408110612
2002-03-10,34.78642115409093,23.21628111306024,10.8396013433911,-24.986194093311827
2002-03-11,34.260902509041415,23.74677474490841,12.449534880609674,-24.933307549037377
2002-03-12,32.876185115423674,23.775769179933576,13.079820900387162,-26.67329575521584
2002-03-13,34.29574353766655,23.0416347878365,13.552015238297308,-26.005532115529057
2002-03-14,35.04621271650102,20.431329584678274,12.569359593894047,-28.164196014263727
2002-03-15,34.59083071551942,21.328125217761375,11.938387092298912,-27.36382188810489
2002-03-16,34.46484860688058,19.579275345862154,12.030689904466282,-27.546508056051668
2002-03-17,34.914736183827905,19.344145441631717,11.10632981835748,-28.139974552893765
2002-03-18,34.26014510767919,19.568224720563848,12.718995102791604,-27.95617657878522
2002-03-19,34.03336904728773,20.621253840148142,11.583353529963498,-28.114540245447923
2002-03-20,32.59901776930461,19.188508124450852,10.757814456866358,-29.144609001850057
2002-03-21,31.30589899433611,19.216563639917442,11.226925619339546,-30.157214735107836
2002-03-22,31.067755014762067,17.960290006678136,12.118753455406626,-30.682125130821014
2002-03-23,30.245918799770834,17.8940982879198,12.052819992339746,-31.05791721783249
2002-03-24,32.47365144547818,20.497794362437617,11.923434940544523,-29.204501021410863
2002-03-25,32.533263126807825,20.459696641085376,10.145375902225995,-30.040131457431823
2002-03-26,30.33808532901704,20.66518914006646,10.154285239667983,-28.82150572407852
2002-03-27,32.78001603515476,20.517871930879384,10.71543843552072,-30.640504338034873
2002-03-28,33.77731321673261,20.649820298458806,11.613908765032463,-29.376764081914928
2002-03-29,33.2970014493241,20.388018012558376,11.43601570338794,-30.224099326864458
2002-03-30,34.97024662214844,19.86291018574597,10.856895358761347,-29.331576006300562
2002-03-31,36.4517390371969,21.228794011470303,11.832432017796311,-30.121996486941136
2002-04-01,35.4107110219804,21.20124682153499,12.765446983732627,-30.134104513120224
2002-04-02,34.22948875286844,22.119837282100494,12.013715409352425,-29.695883163751702
2002-04-03,33.46426931712785,22.90898647973368,11.662904851678636,-30.80428817230925
2002-04-04,35.53745147267494,25.168943841364882,11.314486649877463,-31.517189505160864
2002-04-05,34.755459218565726,26.11036232579686,10.118587434078187,-30.44056414531649
2002-04-06,35.90151552188465,26.783527033244123,9.117247321455594,-29.931650273401846
2002-04-07,35.9704035641521,25.74289064113226,11.861456390298255,-29.469739711841374
2002-04-08,36.5759562774191,27.04870243661794,11.27135669366779,-30.153313155271046
2002-04-09,35.272486362332174,27.218972624988496,11.561105291794878,-31.518995177869684
2002-04-10,35.481603306840334,27.676158182805302,12.6697792222487,-32.19701504167177
2002-04-11,36.662272118021235,29.51168658760911,14.174255983776531,-32.33250903764435
2002-04-12,35.645947058217736,31.305655781345173,15.019917901644176,-32.84380287317809
2002-04-13,35.4515360961891,31.87203835693801,14.507769550092238,-31.109237009108273
2002-04-14,35.312103876347706,31.58479834411657,13.166061090827315,-30.673723085167268
2002-04-15,34.438277803705795,31.582121890132722,13.350836475288382,-30.744977694319346
2002-04-16,36.69973805754628,31.15652643229831,14.688463134368472,-31.091560139828857
2002-04-17,36.032735038877235,32.04545092819351,16.61709793674347,-31.75526549410546
2002-04-18,36.29280702914822,33.32512132034498,15.510570201327681,-33.603085123585025
2002-04-19,36.795323346652694,32.3877871975106,15.59541656659418,-32.85022343631235
2002-04-20,37.45123407605124,32.09418755518424,15.974111863099642,-32.449173774204795
2002-04-21,36.290096628523926,31.299843207462633,16.981331635139316,-33.016735000641496
2002-04-22,36.87967112798112,31.13200786122845,17.407337390253986,-33.76545384811235
2002-04-23,37.58966535945958,31.615958741404395,16.06611503777397,-33.78460271845127
2002-04-24,36.60276482578445,31.308072643464026,15.240354847506287,-34.97662585474376
2002-04-25,36.15699920426153,29.57596034481254,13.332816074906814,-36.61136635880328
2002-04-26,36.50254217010304,28.33937350039955,15.332296130739394,-37.61748805323225
2002-04-27,36.42276236025565,27.82554833480074,16.355214799207264,-37.815134421212946
2002-04-28,35.44085145017007,27.90785595972129,17.69920783656653,-36.58626014927803
2002-04-29,34.14081294321136,27.649529258151272,16.9576840511707,-39.19576721013828
2002-04-30,32.62668832524891,28.097426490513318,17.65750833145863,-39.66997434932154
2002-05-01,33.15425736311058,28.799749509664398,16.47403505887786,-39.761586328830646
2002-05-02,33.14150617213713,29.597619501086793,16.11272740290097,-40.47043654070805
2002-05-03,33.42586197233645,29.29213729318905,17.35512610317877,-40.03911970630482
2002-05-04,32.96488884668814,28.52753109871379,17.343681375218015,-41.57822185776969
2002-05-05,32.37581604294152,28.140755596510914,18.021070568199306,-40.69324922470459
2002-05-06,32.85187410349062,28.309113767308304,18.576786602748733,-40.516064996563124
2002-05-07,33.22722491928953,29.19336523116947,19.249512974914563,-39.812722621039185
2002-05-08,33.02302454529883,29.285747444738814,19.423094810682265,-41.84870502960134
2002-05-09,32.63092298017873,28.94338901858247,17.87195070837154,-42.01290747011811
2002-05-10,31.504654324211856,29.741082433797335,18.489608339656293,-41.2016944565804
2002-05-11,31.522642489338907,27.16651463691562,18.225433509143244,-38.53016034634486
2002-05-12,31.968900835794283,28.934274515243803,19.06101025492776,-38.76959162438047
2002-05-13,31.97289718788787,28.63659110211853,19.64204416040421,-39.60937081877726
2002-05-14,33.431874439204805,28.14181920113114,21.44615972007562,-38.196889884168165
2002-05-15,32.678747599542575,28.549270350515304,21.929161660856924,-37.86450856720351
2002-05-16,31.35572246145631,29.806944852256024,19.154614323145545,-37.85705568809644
2002-05-17,32.0699044328431,29.62884770563954,19.50417051751947,-38.337856793054605
2002-05-18,31.988894455938986,29.389533805259155,19.333908411084806,-39.40584186193308
2002-05-19,31.313149293492888,29.075312071496384,18.008939438746125,-38.27344765847589
2002-05-20,30.097371231075222,28.36389750734132,17.088487191337954,-38.94673817042459
2002-05-21,28.125872346885146,27.916316560815655,16.710069909319245,-38.98871917016181
2002-05-22,27.906874332043333,29.592092853990074,15.562736804516884,-39.08131316390485
2002-05-23,27.610880610369144,27.644099102482674,16.059020166753456,-38.874839717044516
2002-05-24,28.636301947002913,28.341626517000744,16.06303710926162,-38.307610548293525
2002-05-25,27.84086446089517,29.72467752635738,16.74139456343144,-39.1151123223715
2002-05-26,27.630812201641664,30.60959876228206,17.158511002839518,-37.61417848481775
2002-05-27,27.42071473173685,30.208773800114958,17.00920713278046,-35.33203661060432
2002-05-28,27.867647620675797,29.13072780509047,17.231887106265,-36.044204982714
2002-05-29,27.288447167988664,30.00606853496683,17.40129093903332,-36.659008787462675
2002-05-30,29.099666948587654,29.942303602168863,16.561055490729878,-36.24952041945628
2002-05-31,29.461443265830347,29.302631085206002,15.878574923195764,-36.5143837448921
2002-06-01,28.817788321968717,29.69686676439319,16.68418898849274,-38.13425887764708
2002-06-02,28.972453845274153,29.338478245992313,17.9279703569621,-38.547305913649716
2002-06-03,31.28887487024998,26.71545915055001,16.953501325389436,-40.58896958299425
2002-06-04,30.382086872075465,26.78972596740196,16.883514340973115,-40.42500607036562
2002-06-05,30.741135294252576,27.226651981287123,16.893312558272967,-41.6114448108285
2002-06-06,30.344133469978864,27.55760217955054,19.38576491454692,-44.04822869433748
2002-06-07,31.236538737228173,25.942107223209433,20.054661240694735,-45.54740032606025
2002-06-08,30.152426668729888,25.53831876784162,19.322575869382668,-46.93650013984722
2002-06-09,30.499269949689015,25.164474548525092,16.526735037136604,-48.29552781557101
2002-06-10,30.241148096462183,24.33135853999276,17.896948587805728,-48.37041084609389
2002-06-11,30.278222798326272,27.559403761594115,17.256172835992793,-48.26379543840877
2002-06-12,30.740353166587575,28.687562147524027,18.028390780210362,-48.06998550415357
2002-06-13,30.01247485239245,28.019828897747246,18.0276850726182,-47.98447317325377
2002-06-14,29.763333993571795,27.15749175181214,18.199152078244815,-46.65768128982393
2002-06-15,30.183620216484652,27.38778444932031,18.3246573371617,-47.95380666798764
2002-06-16,30.43799074141991,28.055044700418335,20.463686540071645,-47.07144774537596
2002-06-17,29.61427626147646,27.800120422199466,19.667754496977906,-45.91277492411409
2002-06-18,29.324194383701247,27.71251674230237,18.408386320302096,-46.39829877006756
2002-06-19,30.00974448424413,27.872624791311978,18.255902117918637,-47.64217148027775
2002-06-20,29.096655117041795,28.70995577048511,17.57814960370679,-48.25195260553263
2002-06-21,31.21349035930676,29.275213140892273,17.96424608273589,-48.409034941260025
2002-06-22,31.84693559846595,29.546448099487606,16.98247532580382,-49.256956286831176
2002-06-23,30.393868855869133,29.197612803326194,17.22108409053662,-50.4533424319523
2002-06-24,30.251184059144766,28.327351492824146,18.005370818590247,-51.319945352696465
2002-06-25,30.100681025113097,28.132554092362533,17.430291525442286,-51.849846699354416
2002-06-26,28.295641825403738,27.76126345778962,17.86051497117684,-53.529920049097385
2002-06-27,28.099149437654884,27.86795833969619,17.588699614669636,-54.512530550298635
2002-06-28,29.32876546833374,27.335697187343214,16.641810385969215,-53.56881638508438
2002-06-29,29.6277384685063,27.46396856645691,16.24595040837726,-53.65138025525943
2002-06-30,28.993090542904206,27.405582840780838,14.956445478454427,-52.86989793900354
2002-07-01,29.200238383800066,26.247869084606346,14.224710604852167,-51.75554446195901
2002-07-02,28.80349714062241,26.018392114287362,14.270918690635924,-52.49184683493349
2002-07-03,27.805387677838812,26.841051591536825,17.779022416471133,-51.38887097288528
2002-07-04,27.639579745984282,28.047778863893416,16.263763947480445,-52.47393276297301
2002-07-05,27.783145484237295,27.21880489304948,15.680465639357909,-52.564550195718134
2002-07-06,26.516985581974854,25.96324337644628,16.366166947249948,-51.97011056812615
2002-07-07,25.869086464281224,25.16523133446162,16.88789359965484,-51.98071115032172
2002-07-08,24.85623812013772,24.685162286949204,16.075401305958962,-53.042159759936084
2002-07-09,25.7980794560969,22.968358453543356,16.42592321271258,-53.594341262998284
2002-07-10,25.8800611360347,22.10331489021439,17.051511815549222,-53.84662382066774
2002-07-11,26.81928266207183,20.1249956351298,18.280464130129243,-54.641514644285124
2002-07-12,25.03919818843728,18.714924686481634,17.38979550383021,-53.068694196286884
2002-07-13,25.874879010436533,18.75628066556046,16.13792333671415,-52.61540113922143
2002-07-14,25.69224467870163,18.092070088717364,15.580452661324264,-51.66819733519952
2002-07-15,25.175593242661094,17.92223751040893,16.17123019448249,-51.38661124525065
2002-07-16,24.260813727348307,18.049575198138104,16.673320614219616,-51.133912976688066
2002-07-17,25.133631555894155,17.59736253667076,17.52265733257181,-51.78073814340582
2002-07-18,25.05048169837476,16.706063103405018,17.733474480862892,-52.001743178498174
2002-07-19,23.905595355396628,17.19710765573407,17.556721298479793,-52.4725293208479
2002-07-20,24.350663404896398,17.311647983211795,17.038394516907015,-51.75733175878147
2002-07-21,24.03513623389024,18.796250309179776,17.037056485110355,-52.16003712392751
2002-07-22,24.031681818341287,17.91673802570906,18.73147940647374,-51.908122189817476
2002-07-23,23.26602171855832,16.87842262686717,18.237912302859378,-52.87544324497912
2002-07-24,25.031928730290495,14.765188636530379,17.458753030176698,-51.726872254218094
2002-07-25,24.6323333344376,12.673494209652862,17.1104372195824,-50.58495696090066
2002-07-26,23.99263926396127,13.51336731562873,16.428260184684277,-51.92982942777015
2002-07-27,23.37365635606689,12.262684636591867,16.102223071840392,-53.47175171856579
2002-07-28,22.051435451528594,10.73006501705448,16.812417642922732,-54.4553486106323
2002-07-29,20.894555180489952,10.259829871429263,16.76910795042744,-55.93948599611354
2002-07-30,19.918919800403053,11.44538623507375,16.393427838211196,-56.711460179835875
2002-07-31,19.19572318038702,11.16090700242095,16.906519507496743,-58.10386199343579
2002-08-01,19.597816512891555,11.636897133314063,15.686551159579485,-58.21622743794897
2002-08-02,20.433049076001925,13.55745769185646,15.987086896232906,-58.824137418544396
2002-08-03,20.845270974072328,14.494412380583075,16.376110353619655,-59.618048562330145
2002-08-04,19.47377468828085,15.260325457349165,16.175007020800173,-60.128152128644686
2002-08-05,19.485802865275573,14.422337286416566,15.69925003489526,-59.56148156807492
2002-08-06,19.748601620206742,13.861765398854455,15.753963119027821,-59.81188749194523
2002-08-07,21.374296183044393,14.15284630211416,14.038238517843793,-58.35518878109638
2002-08-08,23.33417655529435,12.314679996790872,15.038478195932381,-57.70153495792413
2002-08-09,23.370334432698048,12.893036320361745,15.179187125629053,-60.94046184958434
2002-08-10,21.38608644730403,12.821357974413132,16.905332319436344,-61.98891400005977
2002-08-11,21.171840782113268,13.110567184393092,15.278527761938316,-61.48023603318659
2002-08-12,19.767384605384116,12.916216543458805,16.224570606224553,-61.75205378165172
2002-08-13,19.616907707728743,12.96695722046833,15.653090828613289,-61.298252897400225
2002-08-14,19.10365643579172,12.242329943124957,15.357029086947698,-61.423697618810706
2002-08-15,18.933201883966323,13.16955677439559,15.289413500316442,-60.17905756990436
2002-08-16,20.0779963416975,13.342608720564971,14.943769727513972,-60.653418386452614
2002-08-17,19.862700987039624,12.806353490039266,16.692331095623494,-60.55539305954696
2002-08-18,20.80114278207937,14.178642477243228,16.581976002153365,-59.5000922522868
2002-08-19,20.2082422229519,13.22335326459716,16.45713059954692,-59.09523324218956
2002-08-20,19.375285278513818,12.930829237403403,15.207897089840905,-58.750131319253434
2002-08-21,19.32493848415064,13.082356673620124,15.596595641059535,-61.100253233397595
2002-08-22,20.134985141873422,13.734208900213218,13.463531885457193,-60.895532356923816
2002-08-23,18.634850444983513,13.320603008576741,14.223271057296946,-60.58116121846715
2002-08-24,18.59142602667516,10.263095900304048,15.910567514370928,-59.61547002684878
2002-08-25,20.163807641219556,11.67389603089739,16.434765052649283,-59.58482532362608
2002-08-26,20.409700374889233,10.674926489181038,17.576620823847588,-58.68949052637174
2002-08-27,19.617276381018915,10.148073696460365,16.930547487718176,-57.535702158820584
2002-08-28,19.350669221542994,10.21733736951866,18.280225299330315,-57.35341035136624
2002-08-29,17.957743489992836,11.458837201843764,19.66787017569785,-58.119054798377704
2002-08-30,18.825841314702583,10.312243895323796,20.263707844560535,-56.14473451129543
2002-08-31,17.706696348242495,11.215735144176483,21.72582674925529,-56.71534893090384
2002-09-01,18.923457929892432,11.23665237864914,21.989481898524247,-56.89202612528981
2002-09-02,18.526407676671564,10.48039515452438,21.974828956884302,-57.820539667482485
2002-09-03,18.99987219589953,9.803343860604935,20.78282493586382,-58.57057903561229
2002-09-04,17.089065114017444,11.26695572245729,21.57169937703501,-58.282295625390354
2002-09-05,17.969596146671424,13.24920377558043,20.73969174650238,-58.840829696825736
2002-09-06,19.01782323292591,14.666615113919615,21.426902522189437,-58.61243277508085
2002-09-07,19.03041946734265,14.63809786723389,21.520225047864727,-58.62713360255245
2002-09-08,19.220995889591016,14.51077535501378,20.42495896531491,-58.49822138161895
2002-09-09,19.250499850407063,16.15463773004204,21.334941746131875,-57.72688104660721
2002-09-10,21.47670891734071,16.38986840000735,20.48755130839546,-57.346749691989515
2002-09-11,21.849583171556098,17.075712672325047,21.728705259019655,-57.47911529491981
2002-09-12,23.488890082207956,15.824099819378818,21.118230419588247,-56.76836645660548
2002-09-13,23.504890123720653,14.51683033348006,20.873867647594043,-55.598786471205024
2002-09-14,24.28981100535063,14.61531748358332,19.529844311895822,-56.6262725245135
2002-09-15,24.38366541454511,15.150874693326418,17.572774923309936,-56.481274293626676
2002-09-16,22.945484430620848,13.537563775444731,17.444410263891164,-56.69087166763276
2002-09-17,21.820566273195645,12.738803205995586,17.69226123105564,-55.77300845762232
2002-09-18,19.461223171352348,13.644607450585594,18.780057734916902,-56.43825748655261
2002-09-19,19.384976864042244,12.447159898100569,18.34517468177497,-57.87239209728175
2002-09-20,20.369270778755574,12.678536254585508,17.655969159435642,-58.61978745371303
2002-09-21,20.435849839061472,13.648538171824226,18.154483885510814,-59.469067786895536
2002-09-22,20.28152905790899,13.942351871049315,17.710010874605256,-59.004999790554024
2002-09-23,20.209443698549116,14.930869201214701,17.123408864616533,-58.75533035760413
2002-09-24,21.257883130230088,13.720924014683556,16.320320146005358,-58.598116371612676
2002-09-25,21.49019625730321,13.995705623644925,16.352499018942574,-57.954134302739455
2002-09-26,22.971268487148343,15.942208390401927,15.259844916964225,-57.88642212605831
